Uninstalled 1 package in 6ms
Installed 1 package in 2ms
2026-09-08 17:08:33.953 Python[65523:13566468] 2026-09-08 17:08:33.953123 [W:onnxruntime:, constant_folding.cc:581 ApplyImpl] Could not find a CPU kernel and hence can't constant fold Sqrt node '/model/transformer/layers.0/self_attn/Sqrt'
2026-09-08 17:08:33.954 Python[65523:13566468] 2026-09-08 17:08:33.954192 [W:onnxruntime:, constant_folding.cc:581 ApplyImpl] Could not find a CPU kernel and hence can't constant fold Sqrt node '/model/transformer/layers.0/multihead_attn/Sqrt'
2026-09-08 17:08:33.956 Python[65523:13566468] 2026-09-08 17:08:33.956991 [W:onnxruntime:, constant_folding.cc:581 ApplyImpl] Could not find a CPU kernel and hence can't constant fold Sqrt node '/model/transformer/layers.1/self_attn/Sqrt'
2026-09-08 17:08:33.957 Python[65523:13566468] 2026-09-08 17:08:33.957547 [W:onnxruntime:, constant_folding.cc:581 ApplyImpl] Could not find a CPU kernel and hence can't constant fold Sqrt node '/model/transformer/layers.1/multihead_attn/Sqrt'
2026-09-08 17:08:33.958 Python[65523:13566468] 2026-09-08 17:08:33.958440 [W:onnxruntime:, constant_folding.cc:581 ApplyImpl] Could not find a CPU kernel and hence can't constant fold Sqrt node '/model/transformer/layers.2/self_attn/Sqrt'
2026-09-08 17:08:33.959 Python[65523:13566468] 2026-09-08 17:08:33.959016 [W:onnxruntime:, constant_folding.cc:581 ApplyImpl] Could not find a CPU kernel and hence can't constant fold Sqrt node '/model/transformer/layers.2/multihead_attn/Sqrt'
2026-09-08 17:08:33.959 Python[65523:13566468] 2026-09-08 17:08:33.959927 [W:onnxruntime:, constant_folding.cc:581 ApplyImpl] Could not find a CPU kernel and hence can't constant fold Sqrt node '/model/transformer/layers.3/self_attn/Sqrt'
2026-09-08 17:08:33.960 Python[65523:13566468] 2026-09-08 17:08:33.960546 [W:onnxruntime:, constant_folding.cc:581 ApplyImpl] Could not find a CPU kernel and hence can't constant fold Sqrt node '/model/transformer/layers.3/multihead_attn/Sqrt'
2026-09-08 17:08:33.978 Python[65523:13566468] 2026-09-08 17:08:33.978252 [W:onnxruntime:, constant_folding.cc:581 ApplyImpl] Could not find a CPU kernel and hence can't constant fold Sqrt node '/model/transformer/layers.3/multihead_attn/Sqrt'
2026-09-08 17:08:33.978 Python[65523:13566468] 2026-09-08 17:08:33.978326 [W:onnxruntime:, constant_folding.cc:581 ApplyImpl] Could not find a CPU kernel and hence can't constant fold Sqrt node '/model/transformer/layers.3/self_attn/Sqrt'
2026-09-08 17:08:33.978 Python[65523:13566468] 2026-09-08 17:08:33.978350 [W:onnxruntime:, constant_folding.cc:581 ApplyImpl] Could not find a CPU kernel and hence can't constant fold Sqrt node '/model/transformer/layers.2/multihead_attn/Sqrt'
2026-09-08 17:08:33.978 Python[65523:13566468] 2026-09-08 17:08:33.978372 [W:onnxruntime:, constant_folding.cc:581 ApplyImpl] Could not find a CPU kernel and hence can't constant fold Sqrt node '/model/transformer/layers.2/self_attn/Sqrt'
2026-09-08 17:08:33.978 Python[65523:13566468] 2026-09-08 17:08:33.978393 [W:onnxruntime:, constant_folding.cc:581 ApplyImpl] Could not find a CPU kernel and hence can't constant fold Sqrt node '/model/transformer/layers.1/multihead_attn/Sqrt'
2026-09-08 17:08:33.978 Python[65523:13566468] 2026-09-08 17:08:33.978415 [W:onnxruntime:, constant_folding.cc:581 ApplyImpl] Could not find a CPU kernel and hence can't constant fold Sqrt node '/model/transformer/layers.1/self_attn/Sqrt'
2026-09-08 17:08:33.978 Python[65523:13566468] 2026-09-08 17:08:33.978438 [W:onnxruntime:, constant_folding.cc:581 ApplyImpl] Could not find a CPU kernel and hence can't constant fold Sqrt node '/model/transformer/layers.0/multihead_attn/Sqrt'
2026-09-08 17:08:33.978 Python[65523:13566468] 2026-09-08 17:08:33.978461 [W:onnxruntime:, constant_folding.cc:581 ApplyImpl] Could not find a CPU kernel and hence can't constant fold Sqrt node '/model/transformer/layers.0/self_attn/Sqrt'
2026-09-08 17:08:52.526 Python[65523:13566519] profile function : main
2026-09-08 17:08:52.529 Python[65523:13566519] Operation: ios18.sqrt, Device Usage: <MLNeuralEngineComputeDevice: 0x106d51aa0>, Estimated Cost: 0.000000
2026-09-08 17:08:52.529 Python[65523:13566519] Operation: ios18.real_div, Device Usage: <MLNeuralEngineComputeDevice: 0x106d51aa0>, Estimated Cost: 0.000000
2026-09-08 17:08:52.529 Python[65523:13566519] Operation: ios18.sqrt, Device Usage: <MLNeuralEngineComputeDevice: 0x106d51aa0>, Estimated Cost: 0.000000
2026-09-08 17:08:52.529 Python[65523:13566519] Operation: ios18.cast, Device Usage: <MLNeuralEngineComputeDevice: 0x106d51aa0>, Estimated Cost: 0.001217
2026-09-08 17:08:52.529 Python[65523:13566519] Operation: ios18.conv, Device Usage: <MLNeuralEngineComputeDevice: 0x106d51aa0>, Estimated Cost: 0.000385
2026-09-08 17:08:52.529 Python[65523:13566519] Operation: ios18.real_div, Device Usage: <MLNeuralEngineComputeDevice: 0x106d51aa0>, Estimated Cost: 0.002705
2026-09-08 17:08:52.529 Python[65523:13566519] Operation: ios18.erf, Device Usage: <MLNeuralEngineComputeDevice: 0x106d51aa0>, Estimated Cost: 0.002705
2026-09-08 17:08:52.529 Python[65523:13566519] Operation: ios18.add, Device Usage: <MLNeuralEngineComputeDevice: 0x106d51aa0>, Estimated Cost: 0.002745
2026-09-08 17:08:52.529 Python[65523:13566519] Operation: ios18.mul, Device Usage: <MLNeuralEngineComputeDevice: 0x106d51aa0>, Estimated Cost: 0.004594
2026-09-08 17:08:52.529 Python[65523:13566519] Operation: ios18.mul, Device Usage: <MLNeuralEngineComputeDevice: 0x106d51aa0>, Estimated Cost: 0.002297
2026-09-08 17:08:52.529 Python[65523:13566519] Operation: ios18.conv, Device Usage: <MLNeuralEngineComputeDevice: 0x106d51aa0>, Estimated Cost: 0.002068
2026-09-08 17:08:52.529 Python[65523:13566519] Operation: ios18.conv, Device Usage: <MLNeuralEngineComputeDevice: 0x106d51aa0>, Estimated Cost: 0.000177
2026-09-08 17:08:52.529 Python[65523:13566519] Operation: ios18.conv, Device Usage: <MLNeuralEngineComputeDevice: 0x106d51aa0>, Estimated Cost: 0.000142
2026-09-08 17:08:52.529 Python[65523:13566519] Operation: ios18.add, Device Usage: <MLNeuralEngineComputeDevice: 0x106d51aa0>, Estimated Cost: 0.002745
2026-09-08 17:08:52.529 Python[65523:13566519] Operation: ios18.add, Device Usage: <MLNeuralEngineComputeDevice: 0x106d51aa0>, Estimated Cost: 0.002745
2026-09-08 17:08:52.529 Python[65523:13566519] Operation: ios18.batch_norm, Device Usage: <MLNeuralEngineComputeDevice: 0x106d51aa0>, Estimated Cost: 0.001353
2026-09-08 17:08:52.529 Python[65523:13566519] Operation: ios16.reduce_mean, Device Usage: <MLNeuralEngineComputeDevice: 0x106d51aa0>, Estimated Cost: 0.000677
2026-09-08 17:08:52.529 Python[65523:13566519] Operation: ios18.conv, Device Usage: <MLNeuralEngineComputeDevice: 0x106d51aa0>, Estimated Cost: 0.000001
2026-09-08 17:08:52.529 Python[65523:13566519] Operation: ios18.relu, Device Usage: <MLNeuralEngineComputeDevice: 0x106d51aa0>, Estimated Cost: 0.000000
2026-09-08 17:08:52.530 Python[65523:13566519] Operation: ios18.conv, Device Usage: <MLNeuralEngineComputeDevice: 0x106d51aa0>, Estimated Cost: 0.000001
2026-09-08 17:08:52.530 Python[65523:13566519] Operation: ios18.sigmoid, Device Usage: <MLNeuralEngineComputeDevice: 0x106d51aa0>, Estimated Cost: 0.000000
2026-09-08 17:08:52.530 Python[65523:13566519] Operation: ios18.mul, Device Usage: <MLNeuralEngineComputeDevice: 0x106d51aa0>, Estimated Cost: 0.001149
2026-09-08 17:08:52.530 Python[65523:13566519] Operation: ios18.conv, Device Usage: <MLNeuralEngineComputeDevice: 0x106d51aa0>, Estimated Cost: 0.000923
2026-09-08 17:08:52.530 Python[65523:13566519] Operation: ios18.real_div, Device Usage: <MLNeuralEngineComputeDevice: 0x106d51aa0>, Estimated Cost: 0.002705
2026-09-08 17:08:52.530 Python[65523:13566519] Operation: ios18.erf, Device Usage: <MLNeuralEngineComputeDevice: 0x106d51aa0>, Estimated Cost: 0.002705
2026-09-08 17:08:52.530 Python[65523:13566519] Operation: ios18.add, Device Usage: <MLNeuralEngineComputeDevice: 0x106d51aa0>, Estimated Cost: 0.002745
2026-09-08 17:08:52.530 Python[65523:13566519] Operation: ios18.mul, Device Usage: <MLNeuralEngineComputeDevice: 0x106d51aa0>, Estimated Cost: 0.004594
2026-09-08 17:08:52.530 Python[65523:13566519] Operation: ios18.mul, Device Usage: <MLNeuralEngineComputeDevice: 0x106d51aa0>, Estimated Cost: 0.002297
2026-09-08 17:08:52.530 Python[65523:13566519] Operation: ios18.conv, Device Usage: <MLNeuralEngineComputeDevice: 0x106d51aa0>, Estimated Cost: 0.000921
2026-09-08 17:08:52.530 Python[65523:13566519] Operation: ios18.add, Device Usage: <MLNeuralEngineComputeDevice: 0x106d51aa0>, Estimated Cost: 0.002745
2026-09-08 17:08:52.530 Python[65523:13566519] Operation: ios18.conv, Device Usage: <MLNeuralEngineComputeDevice: 0x106d51aa0>, Estimated Cost: 0.000177
2026-09-08 17:08:52.530 Python[65523:13566519] Operation: ios18.conv, Device Usage: <MLNeuralEngineComputeDevice: 0x106d51aa0>, Estimated Cost: 0.000142
2026-09-08 17:08:52.530 Python[65523:13566519] Operation: ios18.add, Device Usage: <MLNeuralEngineComputeDevice: 0x106d51aa0>, Estimated Cost: 0.002745
2026-09-08 17:08:52.530 Python[65523:13566519] Operation: ios18.add, Device Usage: <MLNeuralEngineComputeDevice: 0x106d51aa0>, Estimated Cost: 0.002745
2026-09-08 17:08:52.530 Python[65523:13566519] Operation: ios18.batch_norm, Device Usage: <MLNeuralEngineComputeDevice: 0x106d51aa0>, Estimated Cost: 0.001353
2026-09-08 17:08:52.530 Python[65523:13566519] Operation: ios18.conv, Device Usage: <MLNeuralEngineComputeDevice: 0x106d51aa0>, Estimated Cost: 0.000923
2026-09-08 17:08:52.530 Python[65523:13566519] Operation: ios18.real_div, Device Usage: <MLNeuralEngineComputeDevice: 0x106d51aa0>, Estimated Cost: 0.002705
2026-09-08 17:08:52.530 Python[65523:13566519] Operation: ios18.erf, Device Usage: <MLNeuralEngineComputeDevice: 0x106d51aa0>, Estimated Cost: 0.002705
2026-09-08 17:08:52.530 Python[65523:13566519] Operation: ios18.add, Device Usage: <MLNeuralEngineComputeDevice: 0x106d51aa0>, Estimated Cost: 0.002745
2026-09-08 17:08:52.530 Python[65523:13566519] Operation: ios18.mul, Device Usage: <MLNeuralEngineComputeDevice: 0x106d51aa0>, Estimated Cost: 0.004594
2026-09-08 17:08:52.530 Python[65523:13566519] Operation: ios18.mul, Device Usage: <MLNeuralEngineComputeDevice: 0x106d51aa0>, Estimated Cost: 0.002297
2026-09-08 17:08:52.530 Python[65523:13566519] Operation: ios18.conv, Device Usage: <MLNeuralEngineComputeDevice: 0x106d51aa0>, Estimated Cost: 0.000921
2026-09-08 17:08:52.530 Python[65523:13566519] Operation: ios18.add, Device Usage: <MLNeuralEngineComputeDevice: 0x106d51aa0>, Estimated Cost: 0.002745
2026-09-08 17:08:52.530 Python[65523:13566519] Operation: ios18.conv, Device Usage: <MLNeuralEngineComputeDevice: 0x106d51aa0>, Estimated Cost: 0.000177
2026-09-08 17:08:52.530 Python[65523:13566519] Operation: ios18.conv, Device Usage: <MLNeuralEngineComputeDevice: 0x106d51aa0>, Estimated Cost: 0.000142
2026-09-08 17:08:52.530 Python[65523:13566519] Operation: ios18.add, Device Usage: <MLNeuralEngineComputeDevice: 0x106d51aa0>, Estimated Cost: 0.002745
2026-09-08 17:08:52.530 Python[65523:13566519] Operation: ios18.add, Device Usage: <MLNeuralEngineComputeDevice: 0x106d51aa0>, Estimated Cost: 0.002745
2026-09-08 17:08:52.530 Python[65523:13566519] Operation: ios18.batch_norm, Device Usage: <MLNeuralEngineComputeDevice: 0x106d51aa0>, Estimated Cost: 0.001353
2026-09-08 17:08:52.530 Python[65523:13566519] Operation: ios16.reduce_mean, Device Usage: <MLNeuralEngineComputeDevice: 0x106d51aa0>, Estimated Cost: 0.000677
2026-09-08 17:08:52.530 Python[65523:13566519] Operation: ios18.conv, Device Usage: <MLNeuralEngineComputeDevice: 0x106d51aa0>, Estimated Cost: 0.000001
2026-09-08 17:08:52.530 Python[65523:13566519] Operation: ios18.relu, Device Usage: <MLNeuralEngineComputeDevice: 0x106d51aa0>, Estimated Cost: 0.000000
2026-09-08 17:08:52.530 Python[65523:13566519] Operation: ios18.conv, Device Usage: <MLNeuralEngineComputeDevice: 0x106d51aa0>, Estimated Cost: 0.000001
2026-09-08 17:08:52.530 Python[65523:13566519] Operation: ios18.sigmoid, Device Usage: <MLNeuralEngineComputeDevice: 0x106d51aa0>, Estimated Cost: 0.000000
2026-09-08 17:08:52.530 Python[65523:13566519] Operation: ios18.mul, Device Usage: <MLNeuralEngineComputeDevice: 0x106d51aa0>, Estimated Cost: 0.001149
2026-09-08 17:08:52.530 Python[65523:13566519] Operation: ios18.conv, Device Usage: <MLNeuralEngineComputeDevice: 0x106d51aa0>, Estimated Cost: 0.000923
2026-09-08 17:08:52.530 Python[65523:13566519] Operation: ios18.real_div, Device Usage: <MLNeuralEngineComputeDevice: 0x106d51aa0>, Estimated Cost: 0.002705
2026-09-08 17:08:52.530 Python[65523:13566519] Operation: ios18.erf, Device Usage: <MLNeuralEngineComputeDevice: 0x106d51aa0>, Estimated Cost: 0.002705
2026-09-08 17:08:52.530 Python[65523:13566519] Operation: ios18.add, Device Usage: <MLNeuralEngineComputeDevice: 0x106d51aa0>, Estimated Cost: 0.002745
2026-09-08 17:08:52.530 Python[65523:13566519] Operation: ios18.mul, Device Usage: <MLNeuralEngineComputeDevice: 0x106d51aa0>, Estimated Cost: 0.004594
2026-09-08 17:08:52.530 Python[65523:13566519] Operation: ios18.mul, Device Usage: <MLNeuralEngineComputeDevice: 0x106d51aa0>, Estimated Cost: 0.002297
2026-09-08 17:08:52.530 Python[65523:13566519] Operation: ios18.conv, Device Usage: <MLNeuralEngineComputeDevice: 0x106d51aa0>, Estimated Cost: 0.000921
2026-09-08 17:08:52.530 Python[65523:13566519] Operation: ios18.add, Device Usage: <MLNeuralEngineComputeDevice: 0x106d51aa0>, Estimated Cost: 0.002745
2026-09-08 17:08:52.530 Python[65523:13566519] Operation: ios18.conv, Device Usage: <MLNeuralEngineComputeDevice: 0x106d51aa0>, Estimated Cost: 0.000177
2026-09-08 17:08:52.530 Python[65523:13566519] Operation: ios18.conv, Device Usage: <MLNeuralEngineComputeDevice: 0x106d51aa0>, Estimated Cost: 0.000142
2026-09-08 17:08:52.530 Python[65523:13566519] Operation: ios18.add, Device Usage: <MLNeuralEngineComputeDevice: 0x106d51aa0>, Estimated Cost: 0.002745
2026-09-08 17:08:52.530 Python[65523:13566519] Operation: ios18.add, Device Usage: <MLNeuralEngineComputeDevice: 0x106d51aa0>, Estimated Cost: 0.002745
2026-09-08 17:08:52.530 Python[65523:13566519] Operation: ios18.batch_norm, Device Usage: <MLNeuralEngineComputeDevice: 0x106d51aa0>, Estimated Cost: 0.001353
2026-09-08 17:08:52.530 Python[65523:13566519] Operation: ios18.conv, Device Usage: <MLNeuralEngineComputeDevice: 0x106d51aa0>, Estimated Cost: 0.000923
2026-09-08 17:08:52.530 Python[65523:13566519] Operation: ios18.real_div, Device Usage: <MLNeuralEngineComputeDevice: 0x106d51aa0>, Estimated Cost: 0.002705
2026-09-08 17:08:52.530 Python[65523:13566519] Operation: ios18.erf, Device Usage: <MLNeuralEngineComputeDevice: 0x106d51aa0>, Estimated Cost: 0.002705
2026-09-08 17:08:52.530 Python[65523:13566519] Operation: ios18.add, Device Usage: <MLNeuralEngineComputeDevice: 0x106d51aa0>, Estimated Cost: 0.002745
2026-09-08 17:08:52.530 Python[65523:13566519] Operation: ios18.mul, Device Usage: <MLNeuralEngineComputeDevice: 0x106d51aa0>, Estimated Cost: 0.004594
2026-09-08 17:08:52.530 Python[65523:13566519] Operation: ios18.mul, Device Usage: <MLNeuralEngineComputeDevice: 0x106d51aa0>, Estimated Cost: 0.002297
2026-09-08 17:08:52.530 Python[65523:13566519] Operation: ios18.conv, Device Usage: <MLNeuralEngineComputeDevice: 0x106d51aa0>, Estimated Cost: 0.000921
2026-09-08 17:08:52.530 Python[65523:13566519] Operation: ios18.add, Device Usage: <MLNeuralEngineComputeDevice: 0x106d51aa0>, Estimated Cost: 0.002745
2026-09-08 17:08:52.530 Python[65523:13566519] Operation: ios18.conv, Device Usage: <MLNeuralEngineComputeDevice: 0x106d51aa0>, Estimated Cost: 0.000177
2026-09-08 17:08:52.530 Python[65523:13566519] Operation: ios18.conv, Device Usage: <MLNeuralEngineComputeDevice: 0x106d51aa0>, Estimated Cost: 0.000142
2026-09-08 17:08:52.530 Python[65523:13566519] Operation: ios18.add, Device Usage: <MLNeuralEngineComputeDevice: 0x106d51aa0>, Estimated Cost: 0.002745
2026-09-08 17:08:52.530 Python[65523:13566519] Operation: ios18.add, Device Usage: <MLNeuralEngineComputeDevice: 0x106d51aa0>, Estimated Cost: 0.002745
2026-09-08 17:08:52.530 Python[65523:13566519] Operation: ios18.batch_norm, Device Usage: <MLNeuralEngineComputeDevice: 0x106d51aa0>, Estimated Cost: 0.001353
2026-09-08 17:08:52.530 Python[65523:13566519] Operation: ios16.reduce_mean, Device Usage: <MLNeuralEngineComputeDevice: 0x106d51aa0>, Estimated Cost: 0.000677
2026-09-08 17:08:52.530 Python[65523:13566519] Operation: ios18.conv, Device Usage: <MLNeuralEngineComputeDevice: 0x106d51aa0>, Estimated Cost: 0.000001
2026-09-08 17:08:52.530 Python[65523:13566519] Operation: ios18.relu, Device Usage: <MLNeuralEngineComputeDevice: 0x106d51aa0>, Estimated Cost: 0.000000
2026-09-08 17:08:52.530 Python[65523:13566519] Operation: ios18.conv, Device Usage: <MLNeuralEngineComputeDevice: 0x106d51aa0>, Estimated Cost: 0.000001
2026-09-08 17:08:52.530 Python[65523:13566519] Operation: ios18.sigmoid, Device Usage: <MLNeuralEngineComputeDevice: 0x106d51aa0>, Estimated Cost: 0.000000
2026-09-08 17:08:52.530 Python[65523:13566519] Operation: ios18.mul, Device Usage: <MLNeuralEngineComputeDevice: 0x106d51aa0>, Estimated Cost: 0.001149
2026-09-08 17:08:52.530 Python[65523:13566519] Operation: ios18.conv, Device Usage: <MLNeuralEngineComputeDevice: 0x106d51aa0>, Estimated Cost: 0.000923
2026-09-08 17:08:52.530 Python[65523:13566519] Operation: ios18.real_div, Device Usage: <MLNeuralEngineComputeDevice: 0x106d51aa0>, Estimated Cost: 0.002705
2026-09-08 17:08:52.530 Python[65523:13566519] Operation: ios18.erf, Device Usage: <MLNeuralEngineComputeDevice: 0x106d51aa0>, Estimated Cost: 0.002705
2026-09-08 17:08:52.530 Python[65523:13566519] Operation: ios18.add, Device Usage: <MLNeuralEngineComputeDevice: 0x106d51aa0>, Estimated Cost: 0.002745
2026-09-08 17:08:52.530 Python[65523:13566519] Operation: ios18.mul, Device Usage: <MLNeuralEngineComputeDevice: 0x106d51aa0>, Estimated Cost: 0.004594
2026-09-08 17:08:52.530 Python[65523:13566519] Operation: ios18.mul, Device Usage: <MLNeuralEngineComputeDevice: 0x106d51aa0>, Estimated Cost: 0.002297
2026-09-08 17:08:52.530 Python[65523:13566519] Operation: ios18.conv, Device Usage: <MLNeuralEngineComputeDevice: 0x106d51aa0>, Estimated Cost: 0.000921
2026-09-08 17:08:52.530 Python[65523:13566519] Operation: ios18.add, Device Usage: <MLNeuralEngineComputeDevice: 0x106d51aa0>, Estimated Cost: 0.002745
2026-09-08 17:08:52.530 Python[65523:13566519] Operation: ios18.conv, Device Usage: <MLNeuralEngineComputeDevice: 0x106d51aa0>, Estimated Cost: 0.000177
2026-09-08 17:08:52.530 Python[65523:13566519] Operation: ios18.conv, Device Usage: <MLNeuralEngineComputeDevice: 0x106d51aa0>, Estimated Cost: 0.000142
2026-09-08 17:08:52.530 Python[65523:13566519] Operation: ios18.add, Device Usage: <MLNeuralEngineComputeDevice: 0x106d51aa0>, Estimated Cost: 0.002745
2026-09-08 17:08:52.530 Python[65523:13566519] Operation: ios18.add, Device Usage: <MLNeuralEngineComputeDevice: 0x106d51aa0>, Estimated Cost: 0.002745
2026-09-08 17:08:52.530 Python[65523:13566519] Operation: ios18.batch_norm, Device Usage: <MLNeuralEngineComputeDevice: 0x106d51aa0>, Estimated Cost: 0.001353
2026-09-08 17:08:52.530 Python[65523:13566519] Operation: ios18.conv, Device Usage: <MLNeuralEngineComputeDevice: 0x106d51aa0>, Estimated Cost: 0.000923
2026-09-08 17:08:52.530 Python[65523:13566519] Operation: ios18.real_div, Device Usage: <MLNeuralEngineComputeDevice: 0x106d51aa0>, Estimated Cost: 0.002705
2026-09-08 17:08:52.530 Python[65523:13566519] Operation: ios18.erf, Device Usage: <MLNeuralEngineComputeDevice: 0x106d51aa0>, Estimated Cost: 0.002705
2026-09-08 17:08:52.530 Python[65523:13566519] Operation: ios18.add, Device Usage: <MLNeuralEngineComputeDevice: 0x106d51aa0>, Estimated Cost: 0.002745
2026-09-08 17:08:52.530 Python[65523:13566519] Operation: ios18.mul, Device Usage: <MLNeuralEngineComputeDevice: 0x106d51aa0>, Estimated Cost: 0.004594
2026-09-08 17:08:52.530 Python[65523:13566519] Operation: ios18.mul, Device Usage: <MLNeuralEngineComputeDevice: 0x106d51aa0>, Estimated Cost: 0.002297
2026-09-08 17:08:52.530 Python[65523:13566519] Operation: ios18.conv, Device Usage: <MLNeuralEngineComputeDevice: 0x106d51aa0>, Estimated Cost: 0.000921
2026-09-08 17:08:52.530 Python[65523:13566519] Operation: ios18.add, Device Usage: <MLNeuralEngineComputeDevice: 0x106d51aa0>, Estimated Cost: 0.002745
2026-09-08 17:08:52.530 Python[65523:13566519] Operation: ios18.conv, Device Usage: <MLNeuralEngineComputeDevice: 0x106d51aa0>, Estimated Cost: 0.000177
2026-09-08 17:08:52.530 Python[65523:13566519] Operation: ios18.conv, Device Usage: <MLNeuralEngineComputeDevice: 0x106d51aa0>, Estimated Cost: 0.000142
2026-09-08 17:08:52.530 Python[65523:13566519] Operation: ios18.add, Device Usage: <MLNeuralEngineComputeDevice: 0x106d51aa0>, Estimated Cost: 0.002745
2026-09-08 17:08:52.530 Python[65523:13566519] Operation: ios18.add, Device Usage: <MLNeuralEngineComputeDevice: 0x106d51aa0>, Estimated Cost: 0.002745
2026-09-08 17:08:52.530 Python[65523:13566519] Operation: ios18.batch_norm, Device Usage: <MLNeuralEngineComputeDevice: 0x106d51aa0>, Estimated Cost: 0.001353
2026-09-08 17:08:52.530 Python[65523:13566519] Operation: ios18.conv, Device Usage: <MLNeuralEngineComputeDevice: 0x106d51aa0>, Estimated Cost: 0.000923
2026-09-08 17:08:52.530 Python[65523:13566519] Operation: ios18.real_div, Device Usage: <MLNeuralEngineComputeDevice: 0x106d51aa0>, Estimated Cost: 0.002705
2026-09-08 17:08:52.530 Python[65523:13566519] Operation: ios18.erf, Device Usage: <MLNeuralEngineComputeDevice: 0x106d51aa0>, Estimated Cost: 0.002705
2026-09-08 17:08:52.530 Python[65523:13566519] Operation: ios18.add, Device Usage: <MLNeuralEngineComputeDevice: 0x106d51aa0>, Estimated Cost: 0.002745
2026-09-08 17:08:52.530 Python[65523:13566519] Operation: ios18.mul, Device Usage: <MLNeuralEngineComputeDevice: 0x106d51aa0>, Estimated Cost: 0.004594
2026-09-08 17:08:52.530 Python[65523:13566519] Operation: ios18.mul, Device Usage: <MLNeuralEngineComputeDevice: 0x106d51aa0>, Estimated Cost: 0.002297
2026-09-08 17:08:52.530 Python[65523:13566519] Operation: ios18.conv, Device Usage: <MLNeuralEngineComputeDevice: 0x106d51aa0>, Estimated Cost: 0.000921
2026-09-08 17:08:52.530 Python[65523:13566519] Operation: ios18.add, Device Usage: <MLNeuralEngineComputeDevice: 0x106d51aa0>, Estimated Cost: 0.002745
2026-09-08 17:08:52.530 Python[65523:13566519] Operation: ios18.conv, Device Usage: <MLNeuralEngineComputeDevice: 0x106d51aa0>, Estimated Cost: 0.000057
2026-09-08 17:08:52.530 Python[65523:13566519] Operation: ios18.conv, Device Usage: <MLNeuralEngineComputeDevice: 0x106d51aa0>, Estimated Cost: 0.000231
2026-09-08 17:08:52.530 Python[65523:13566519] Operation: ios18.conv, Device Usage: <MLNeuralEngineComputeDevice: 0x106d51aa0>, Estimated Cost: 0.000921
2026-09-08 17:08:52.530 Python[65523:13566519] Operation: ios18.real_div, Device Usage: <MLNeuralEngineComputeDevice: 0x106d51aa0>, Estimated Cost: 0.001353
2026-09-08 17:08:52.531 Python[65523:13566519] Operation: ios18.erf, Device Usage: <MLNeuralEngineComputeDevice: 0x106d51aa0>, Estimated Cost: 0.001353
2026-09-08 17:08:52.531 Python[65523:13566519] Operation: ios18.add, Device Usage: <MLNeuralEngineComputeDevice: 0x106d51aa0>, Estimated Cost: 0.001372
2026-09-08 17:08:52.531 Python[65523:13566519] Operation: ios18.mul, Device Usage: <MLNeuralEngineComputeDevice: 0x106d51aa0>, Estimated Cost: 0.002297
2026-09-08 17:08:52.531 Python[65523:13566519] Operation: ios18.mul, Device Usage: <MLNeuralEngineComputeDevice: 0x106d51aa0>, Estimated Cost: 0.001148
2026-09-08 17:08:52.531 Python[65523:13566519] Operation: ios18.conv, Device Usage: <MLNeuralEngineComputeDevice: 0x106d51aa0>, Estimated Cost: 0.000919
2026-09-08 17:08:52.531 Python[65523:13566519] Operation: ios18.add, Device Usage: <MLNeuralEngineComputeDevice: 0x106d51aa0>, Estimated Cost: 0.001372
2026-09-08 17:08:52.531 Python[65523:13566519] Operation: ios18.conv, Device Usage: <MLNeuralEngineComputeDevice: 0x106d51aa0>, Estimated Cost: 0.000089
2026-09-08 17:08:52.531 Python[65523:13566519] Operation: ios18.conv, Device Usage: <MLNeuralEngineComputeDevice: 0x106d51aa0>, Estimated Cost: 0.000115
2026-09-08 17:08:52.531 Python[65523:13566519] Operation: ios18.add, Device Usage: <MLNeuralEngineComputeDevice: 0x106d51aa0>, Estimated Cost: 0.001372
2026-09-08 17:08:52.531 Python[65523:13566519] Operation: ios18.add, Device Usage: <MLNeuralEngineComputeDevice: 0x106d51aa0>, Estimated Cost: 0.001372
2026-09-08 17:08:52.531 Python[65523:13566519] Operation: ios18.batch_norm, Device Usage: <MLNeuralEngineComputeDevice: 0x106d51aa0>, Estimated Cost: 0.000676
2026-09-08 17:08:52.531 Python[65523:13566519] Operation: ios16.reduce_mean, Device Usage: <MLNeuralEngineComputeDevice: 0x106d51aa0>, Estimated Cost: 0.000339
2026-09-08 17:08:52.531 Python[65523:13566519] Operation: ios18.conv, Device Usage: <MLNeuralEngineComputeDevice: 0x106d51aa0>, Estimated Cost: 0.000003
2026-09-08 17:08:52.531 Python[65523:13566519] Operation: ios18.relu, Device Usage: <MLNeuralEngineComputeDevice: 0x106d51aa0>, Estimated Cost: 0.000000
2026-09-08 17:08:52.531 Python[65523:13566519] Operation: ios18.conv, Device Usage: <MLNeuralEngineComputeDevice: 0x106d51aa0>, Estimated Cost: 0.000003
2026-09-08 17:08:52.531 Python[65523:13566519] Operation: ios18.sigmoid, Device Usage: <MLNeuralEngineComputeDevice: 0x106d51aa0>, Estimated Cost: 0.000001
2026-09-08 17:08:52.531 Python[65523:13566519] Operation: ios18.mul, Device Usage: <MLNeuralEngineComputeDevice: 0x106d51aa0>, Estimated Cost: 0.000575
2026-09-08 17:08:52.531 Python[65523:13566519] Operation: ios18.conv, Device Usage: <MLNeuralEngineComputeDevice: 0x106d51aa0>, Estimated Cost: 0.000921
2026-09-08 17:08:52.531 Python[65523:13566519] Operation: ios18.real_div, Device Usage: <MLNeuralEngineComputeDevice: 0x106d51aa0>, Estimated Cost: 0.001353
2026-09-08 17:08:52.531 Python[65523:13566519] Operation: ios18.erf, Device Usage: <MLNeuralEngineComputeDevice: 0x106d51aa0>, Estimated Cost: 0.001353
2026-09-08 17:08:52.531 Python[65523:13566519] Operation: ios18.add, Device Usage: <MLNeuralEngineComputeDevice: 0x106d51aa0>, Estimated Cost: 0.001372
2026-09-08 17:08:52.531 Python[65523:13566519] Operation: ios18.mul, Device Usage: <MLNeuralEngineComputeDevice: 0x106d51aa0>, Estimated Cost: 0.002297
2026-09-08 17:08:52.531 Python[65523:13566519] Operation: ios18.mul, Device Usage: <MLNeuralEngineComputeDevice: 0x106d51aa0>, Estimated Cost: 0.001148
2026-09-08 17:08:52.531 Python[65523:13566519] Operation: ios18.conv, Device Usage: <MLNeuralEngineComputeDevice: 0x106d51aa0>, Estimated Cost: 0.000919
2026-09-08 17:08:52.531 Python[65523:13566519] Operation: ios18.add, Device Usage: <MLNeuralEngineComputeDevice: 0x106d51aa0>, Estimated Cost: 0.001372
2026-09-08 17:08:52.531 Python[65523:13566519] Operation: ios18.conv, Device Usage: <MLNeuralEngineComputeDevice: 0x106d51aa0>, Estimated Cost: 0.000089
2026-09-08 17:08:52.531 Python[65523:13566519] Operation: ios18.conv, Device Usage: <MLNeuralEngineComputeDevice: 0x106d51aa0>, Estimated Cost: 0.000115
2026-09-08 17:08:52.531 Python[65523:13566519] Operation: ios18.add, Device Usage: <MLNeuralEngineComputeDevice: 0x106d51aa0>, Estimated Cost: 0.001372
2026-09-08 17:08:52.531 Python[65523:13566519] Operation: ios18.add, Device Usage: <MLNeuralEngineComputeDevice: 0x106d51aa0>, Estimated Cost: 0.001372
2026-09-08 17:08:52.531 Python[65523:13566519] Operation: ios18.batch_norm, Device Usage: <MLNeuralEngineComputeDevice: 0x106d51aa0>, Estimated Cost: 0.000676
2026-09-08 17:08:52.531 Python[65523:13566519] Operation: ios18.conv, Device Usage: <MLNeuralEngineComputeDevice: 0x106d51aa0>, Estimated Cost: 0.000921
2026-09-08 17:08:52.531 Python[65523:13566519] Operation: ios18.real_div, Device Usage: <MLNeuralEngineComputeDevice: 0x106d51aa0>, Estimated Cost: 0.001353
2026-09-08 17:08:52.531 Python[65523:13566519] Operation: ios18.erf, Device Usage: <MLNeuralEngineComputeDevice: 0x106d51aa0>, Estimated Cost: 0.001353
2026-09-08 17:08:52.531 Python[65523:13566519] Operation: ios18.add, Device Usage: <MLNeuralEngineComputeDevice: 0x106d51aa0>, Estimated Cost: 0.001372
2026-09-08 17:08:52.531 Python[65523:13566519] Operation: ios18.mul, Device Usage: <MLNeuralEngineComputeDevice: 0x106d51aa0>, Estimated Cost: 0.002297
2026-09-08 17:08:52.531 Python[65523:13566519] Operation: ios18.mul, Device Usage: <MLNeuralEngineComputeDevice: 0x106d51aa0>, Estimated Cost: 0.001148
2026-09-08 17:08:52.531 Python[65523:13566519] Operation: ios18.conv, Device Usage: <MLNeuralEngineComputeDevice: 0x106d51aa0>, Estimated Cost: 0.000919
2026-09-08 17:08:52.531 Python[65523:13566519] Operation: ios18.add, Device Usage: <MLNeuralEngineComputeDevice: 0x106d51aa0>, Estimated Cost: 0.001372
2026-09-08 17:08:52.531 Python[65523:13566519] Operation: ios18.conv, Device Usage: <MLNeuralEngineComputeDevice: 0x106d51aa0>, Estimated Cost: 0.000089
2026-09-08 17:08:52.531 Python[65523:13566519] Operation: ios18.conv, Device Usage: <MLNeuralEngineComputeDevice: 0x106d51aa0>, Estimated Cost: 0.000115
2026-09-08 17:08:52.531 Python[65523:13566519] Operation: ios18.add, Device Usage: <MLNeuralEngineComputeDevice: 0x106d51aa0>, Estimated Cost: 0.001372
2026-09-08 17:08:52.531 Python[65523:13566519] Operation: ios18.add, Device Usage: <MLNeuralEngineComputeDevice: 0x106d51aa0>, Estimated Cost: 0.001372
2026-09-08 17:08:52.531 Python[65523:13566519] Operation: ios18.batch_norm, Device Usage: <MLNeuralEngineComputeDevice: 0x106d51aa0>, Estimated Cost: 0.000676
2026-09-08 17:08:52.531 Python[65523:13566519] Operation: ios16.reduce_mean, Device Usage: <MLNeuralEngineComputeDevice: 0x106d51aa0>, Estimated Cost: 0.000339
2026-09-08 17:08:52.531 Python[65523:13566519] Operation: ios18.conv, Device Usage: <MLNeuralEngineComputeDevice: 0x106d51aa0>, Estimated Cost: 0.000003
2026-09-08 17:08:52.531 Python[65523:13566519] Operation: ios18.relu, Device Usage: <MLNeuralEngineComputeDevice: 0x106d51aa0>, Estimated Cost: 0.000000
2026-09-08 17:08:52.531 Python[65523:13566519] Operation: ios18.conv, Device Usage: <MLNeuralEngineComputeDevice: 0x106d51aa0>, Estimated Cost: 0.000003
2026-09-08 17:08:52.531 Python[65523:13566519] Operation: ios18.sigmoid, Device Usage: <MLNeuralEngineComputeDevice: 0x106d51aa0>, Estimated Cost: 0.000001
2026-09-08 17:08:52.531 Python[65523:13566519] Operation: ios18.mul, Device Usage: <MLNeuralEngineComputeDevice: 0x106d51aa0>, Estimated Cost: 0.000575
2026-09-08 17:08:52.531 Python[65523:13566519] Operation: ios18.conv, Device Usage: <MLNeuralEngineComputeDevice: 0x106d51aa0>, Estimated Cost: 0.000921
2026-09-08 17:08:52.531 Python[65523:13566519] Operation: ios18.real_div, Device Usage: <MLNeuralEngineComputeDevice: 0x106d51aa0>, Estimated Cost: 0.001353
2026-09-08 17:08:52.531 Python[65523:13566519] Operation: ios18.erf, Device Usage: <MLNeuralEngineComputeDevice: 0x106d51aa0>, Estimated Cost: 0.001353
2026-09-08 17:08:52.531 Python[65523:13566519] Operation: ios18.add, Device Usage: <MLNeuralEngineComputeDevice: 0x106d51aa0>, Estimated Cost: 0.001372
2026-09-08 17:08:52.531 Python[65523:13566519] Operation: ios18.mul, Device Usage: <MLNeuralEngineComputeDevice: 0x106d51aa0>, Estimated Cost: 0.002297
2026-09-08 17:08:52.531 Python[65523:13566519] Operation: ios18.mul, Device Usage: <MLNeuralEngineComputeDevice: 0x106d51aa0>, Estimated Cost: 0.001148
2026-09-08 17:08:52.531 Python[65523:13566519] Operation: ios18.conv, Device Usage: <MLNeuralEngineComputeDevice: 0x106d51aa0>, Estimated Cost: 0.000919
2026-09-08 17:08:52.531 Python[65523:13566519] Operation: ios18.add, Device Usage: <MLNeuralEngineComputeDevice: 0x106d51aa0>, Estimated Cost: 0.001372
2026-09-08 17:08:52.531 Python[65523:13566519] Operation: ios18.conv, Device Usage: <MLNeuralEngineComputeDevice: 0x106d51aa0>, Estimated Cost: 0.000089
2026-09-08 17:08:52.531 Python[65523:13566519] Operation: ios18.conv, Device Usage: <MLNeuralEngineComputeDevice: 0x106d51aa0>, Estimated Cost: 0.000115
2026-09-08 17:08:52.531 Python[65523:13566519] Operation: ios18.add, Device Usage: <MLNeuralEngineComputeDevice: 0x106d51aa0>, Estimated Cost: 0.001372
2026-09-08 17:08:52.531 Python[65523:13566519] Operation: ios18.add, Device Usage: <MLNeuralEngineComputeDevice: 0x106d51aa0>, Estimated Cost: 0.001372
2026-09-08 17:08:52.531 Python[65523:13566519] Operation: ios18.batch_norm, Device Usage: <MLNeuralEngineComputeDevice: 0x106d51aa0>, Estimated Cost: 0.000676
2026-09-08 17:08:52.531 Python[65523:13566519] Operation: ios18.conv, Device Usage: <MLNeuralEngineComputeDevice: 0x106d51aa0>, Estimated Cost: 0.000921
2026-09-08 17:08:52.531 Python[65523:13566519] Operation: ios18.real_div, Device Usage: <MLNeuralEngineComputeDevice: 0x106d51aa0>, Estimated Cost: 0.001353
2026-09-08 17:08:52.531 Python[65523:13566519] Operation: ios18.erf, Device Usage: <MLNeuralEngineComputeDevice: 0x106d51aa0>, Estimated Cost: 0.001353
2026-09-08 17:08:52.531 Python[65523:13566519] Operation: ios18.add, Device Usage: <MLNeuralEngineComputeDevice: 0x106d51aa0>, Estimated Cost: 0.001372
2026-09-08 17:08:52.531 Python[65523:13566519] Operation: ios18.mul, Device Usage: <MLNeuralEngineComputeDevice: 0x106d51aa0>, Estimated Cost: 0.002297
2026-09-08 17:08:52.531 Python[65523:13566519] Operation: ios18.mul, Device Usage: <MLNeuralEngineComputeDevice: 0x106d51aa0>, Estimated Cost: 0.001148
2026-09-08 17:08:52.531 Python[65523:13566519] Operation: ios18.conv, Device Usage: <MLNeuralEngineComputeDevice: 0x106d51aa0>, Estimated Cost: 0.000919
2026-09-08 17:08:52.531 Python[65523:13566519] Operation: ios18.add, Device Usage: <MLNeuralEngineComputeDevice: 0x106d51aa0>, Estimated Cost: 0.001372
2026-09-08 17:08:52.531 Python[65523:13566519] Operation: ios18.conv, Device Usage: <MLNeuralEngineComputeDevice: 0x106d51aa0>, Estimated Cost: 0.000089
2026-09-08 17:08:52.531 Python[65523:13566519] Operation: ios18.conv, Device Usage: <MLNeuralEngineComputeDevice: 0x106d51aa0>, Estimated Cost: 0.000115
2026-09-08 17:08:52.531 Python[65523:13566519] Operation: ios18.add, Device Usage: <MLNeuralEngineComputeDevice: 0x106d51aa0>, Estimated Cost: 0.001372
2026-09-08 17:08:52.531 Python[65523:13566519] Operation: ios18.add, Device Usage: <MLNeuralEngineComputeDevice: 0x106d51aa0>, Estimated Cost: 0.001372
2026-09-08 17:08:52.531 Python[65523:13566519] Operation: ios18.batch_norm, Device Usage: <MLNeuralEngineComputeDevice: 0x106d51aa0>, Estimated Cost: 0.000676
2026-09-08 17:08:52.531 Python[65523:13566519] Operation: ios16.reduce_mean, Device Usage: <MLNeuralEngineComputeDevice: 0x106d51aa0>, Estimated Cost: 0.000339
2026-09-08 17:08:52.531 Python[65523:13566519] Operation: ios18.conv, Device Usage: <MLNeuralEngineComputeDevice: 0x106d51aa0>, Estimated Cost: 0.000003
2026-09-08 17:08:52.531 Python[65523:13566519] Operation: ios18.relu, Device Usage: <MLNeuralEngineComputeDevice: 0x106d51aa0>, Estimated Cost: 0.000000
2026-09-08 17:08:52.531 Python[65523:13566519] Operation: ios18.conv, Device Usage: <MLNeuralEngineComputeDevice: 0x106d51aa0>, Estimated Cost: 0.000003
2026-09-08 17:08:52.531 Python[65523:13566519] Operation: ios18.sigmoid, Device Usage: <MLNeuralEngineComputeDevice: 0x106d51aa0>, Estimated Cost: 0.000001
2026-09-08 17:08:52.531 Python[65523:13566519] Operation: ios18.mul, Device Usage: <MLNeuralEngineComputeDevice: 0x106d51aa0>, Estimated Cost: 0.000575
2026-09-08 17:08:52.531 Python[65523:13566519] Operation: ios18.conv, Device Usage: <MLNeuralEngineComputeDevice: 0x106d51aa0>, Estimated Cost: 0.000921
2026-09-08 17:08:52.531 Python[65523:13566519] Operation: ios18.real_div, Device Usage: <MLNeuralEngineComputeDevice: 0x106d51aa0>, Estimated Cost: 0.001353
2026-09-08 17:08:52.531 Python[65523:13566519] Operation: ios18.erf, Device Usage: <MLNeuralEngineComputeDevice: 0x106d51aa0>, Estimated Cost: 0.001353
2026-09-08 17:08:52.531 Python[65523:13566519] Operation: ios18.add, Device Usage: <MLNeuralEngineComputeDevice: 0x106d51aa0>, Estimated Cost: 0.001372
2026-09-08 17:08:52.531 Python[65523:13566519] Operation: ios18.mul, Device Usage: <MLNeuralEngineComputeDevice: 0x106d51aa0>, Estimated Cost: 0.002297
2026-09-08 17:08:52.531 Python[65523:13566519] Operation: ios18.mul, Device Usage: <MLNeuralEngineComputeDevice: 0x106d51aa0>, Estimated Cost: 0.001148
2026-09-08 17:08:52.531 Python[65523:13566519] Operation: ios18.conv, Device Usage: <MLNeuralEngineComputeDevice: 0x106d51aa0>, Estimated Cost: 0.000919
2026-09-08 17:08:52.531 Python[65523:13566519] Operation: ios18.add, Device Usage: <MLNeuralEngineComputeDevice: 0x106d51aa0>, Estimated Cost: 0.001372
2026-09-08 17:08:52.531 Python[65523:13566519] Operation: ios18.conv, Device Usage: <MLNeuralEngineComputeDevice: 0x106d51aa0>, Estimated Cost: 0.000089
2026-09-08 17:08:52.531 Python[65523:13566519] Operation: ios18.conv, Device Usage: <MLNeuralEngineComputeDevice: 0x106d51aa0>, Estimated Cost: 0.000115
2026-09-08 17:08:52.531 Python[65523:13566519] Operation: ios18.add, Device Usage: <MLNeuralEngineComputeDevice: 0x106d51aa0>, Estimated Cost: 0.001372
2026-09-08 17:08:52.531 Python[65523:13566519] Operation: ios18.add, Device Usage: <MLNeuralEngineComputeDevice: 0x106d51aa0>, Estimated Cost: 0.001372
2026-09-08 17:08:52.531 Python[65523:13566519] Operation: ios18.batch_norm, Device Usage: <MLNeuralEngineComputeDevice: 0x106d51aa0>, Estimated Cost: 0.000676
2026-09-08 17:08:52.531 Python[65523:13566519] Operation: ios18.conv, Device Usage: <MLNeuralEngineComputeDevice: 0x106d51aa0>, Estimated Cost: 0.000921
2026-09-08 17:08:52.531 Python[65523:13566519] Operation: ios18.real_div, Device Usage: <MLNeuralEngineComputeDevice: 0x106d51aa0>, Estimated Cost: 0.001353
2026-09-08 17:08:52.531 Python[65523:13566519] Operation: ios18.erf, Device Usage: <MLNeuralEngineComputeDevice: 0x106d51aa0>, Estimated Cost: 0.001353
2026-09-08 17:08:52.531 Python[65523:13566519] Operation: ios18.add, Device Usage: <MLNeuralEngineComputeDevice: 0x106d51aa0>, Estimated Cost: 0.001372
2026-09-08 17:08:52.531 Python[65523:13566519] Operation: ios18.mul, Device Usage: <MLNeuralEngineComputeDevice: 0x106d51aa0>, Estimated Cost: 0.002297
2026-09-08 17:08:52.531 Python[65523:13566519] Operation: ios18.mul, Device Usage: <MLNeuralEngineComputeDevice: 0x106d51aa0>, Estimated Cost: 0.001148
2026-09-08 17:08:52.531 Python[65523:13566519] Operation: ios18.conv, Device Usage: <MLNeuralEngineComputeDevice: 0x106d51aa0>, Estimated Cost: 0.000919
2026-09-08 17:08:52.531 Python[65523:13566519] Operation: ios18.add, Device Usage: <MLNeuralEngineComputeDevice: 0x106d51aa0>, Estimated Cost: 0.001372
2026-09-08 17:08:52.531 Python[65523:13566519] Operation: ios18.conv, Device Usage: <MLNeuralEngineComputeDevice: 0x106d51aa0>, Estimated Cost: 0.000089
2026-09-08 17:08:52.531 Python[65523:13566519] Operation: ios18.conv, Device Usage: <MLNeuralEngineComputeDevice: 0x106d51aa0>, Estimated Cost: 0.000115
2026-09-08 17:08:52.531 Python[65523:13566519] Operation: ios18.add, Device Usage: <MLNeuralEngineComputeDevice: 0x106d51aa0>, Estimated Cost: 0.001372
2026-09-08 17:08:52.531 Python[65523:13566519] Operation: ios18.add, Device Usage: <MLNeuralEngineComputeDevice: 0x106d51aa0>, Estimated Cost: 0.001372
2026-09-08 17:08:52.531 Python[65523:13566519] Operation: ios18.batch_norm, Device Usage: <MLNeuralEngineComputeDevice: 0x106d51aa0>, Estimated Cost: 0.000676
2026-09-08 17:08:52.531 Python[65523:13566519] Operation: ios18.conv, Device Usage: <MLNeuralEngineComputeDevice: 0x106d51aa0>, Estimated Cost: 0.000921
2026-09-08 17:08:52.531 Python[65523:13566519] Operation: ios18.real_div, Device Usage: <MLNeuralEngineComputeDevice: 0x106d51aa0>, Estimated Cost: 0.001353
2026-09-08 17:08:52.531 Python[65523:13566519] Operation: ios18.erf, Device Usage: <MLNeuralEngineComputeDevice: 0x106d51aa0>, Estimated Cost: 0.001353
2026-09-08 17:08:52.532 Python[65523:13566519] Operation: ios18.add, Device Usage: <MLNeuralEngineComputeDevice: 0x106d51aa0>, Estimated Cost: 0.001372
2026-09-08 17:08:52.532 Python[65523:13566519] Operation: ios18.mul, Device Usage: <MLNeuralEngineComputeDevice: 0x106d51aa0>, Estimated Cost: 0.002297
2026-09-08 17:08:52.532 Python[65523:13566519] Operation: ios18.mul, Device Usage: <MLNeuralEngineComputeDevice: 0x106d51aa0>, Estimated Cost: 0.001148
2026-09-08 17:08:52.532 Python[65523:13566519] Operation: ios18.conv, Device Usage: <MLNeuralEngineComputeDevice: 0x106d51aa0>, Estimated Cost: 0.000919
2026-09-08 17:08:52.532 Python[65523:13566519] Operation: ios18.add, Device Usage: <MLNeuralEngineComputeDevice: 0x106d51aa0>, Estimated Cost: 0.001372
2026-09-08 17:08:52.532 Python[65523:13566519] Operation: ios18.conv, Device Usage: <MLNeuralEngineComputeDevice: 0x106d51aa0>, Estimated Cost: 0.000140
2026-09-08 17:08:52.532 Python[65523:13566519] Operation: ios18.conv, Device Usage: <MLNeuralEngineComputeDevice: 0x106d51aa0>, Estimated Cost: 0.000230
2026-09-08 17:08:52.532 Python[65523:13566519] Operation: ios18.conv, Device Usage: <MLNeuralEngineComputeDevice: 0x106d51aa0>, Estimated Cost: 0.000919
2026-09-08 17:08:52.532 Python[65523:13566519] Operation: ios18.real_div, Device Usage: <MLNeuralEngineComputeDevice: 0x106d51aa0>, Estimated Cost: 0.000676
2026-09-08 17:08:52.532 Python[65523:13566519] Operation: ios18.erf, Device Usage: <MLNeuralEngineComputeDevice: 0x106d51aa0>, Estimated Cost: 0.000676
2026-09-08 17:08:52.532 Python[65523:13566519] Operation: ios18.add, Device Usage: <MLNeuralEngineComputeDevice: 0x106d51aa0>, Estimated Cost: 0.000686
2026-09-08 17:08:52.532 Python[65523:13566519] Operation: ios18.mul, Device Usage: <MLNeuralEngineComputeDevice: 0x106d51aa0>, Estimated Cost: 0.001148
2026-09-08 17:08:52.532 Python[65523:13566519] Operation: ios18.mul, Device Usage: <MLNeuralEngineComputeDevice: 0x106d51aa0>, Estimated Cost: 0.000574
2026-09-08 17:08:52.532 Python[65523:13566519] Operation: ios18.conv, Device Usage: <MLNeuralEngineComputeDevice: 0x106d51aa0>, Estimated Cost: 0.000918
2026-09-08 17:08:52.532 Python[65523:13566519] Operation: ios18.add, Device Usage: <MLNeuralEngineComputeDevice: 0x106d51aa0>, Estimated Cost: 0.000686
2026-09-08 17:08:52.532 Python[65523:13566519] Operation: ios18.conv, Device Usage: <MLNeuralEngineComputeDevice: 0x106d51aa0>, Estimated Cost: 0.000044
2026-09-08 17:08:52.532 Python[65523:13566519] Operation: ios18.conv, Device Usage: <MLNeuralEngineComputeDevice: 0x106d51aa0>, Estimated Cost: 0.000057
2026-09-08 17:08:52.532 Python[65523:13566519] Operation: ios18.add, Device Usage: <MLNeuralEngineComputeDevice: 0x106d51aa0>, Estimated Cost: 0.000686
2026-09-08 17:08:52.532 Python[65523:13566519] Operation: ios18.add, Device Usage: <MLNeuralEngineComputeDevice: 0x106d51aa0>, Estimated Cost: 0.000686
2026-09-08 17:08:52.532 Python[65523:13566519] Operation: ios18.batch_norm, Device Usage: <MLNeuralEngineComputeDevice: 0x106d51aa0>, Estimated Cost: 0.000338
2026-09-08 17:08:52.532 Python[65523:13566519] Operation: ios16.reduce_mean, Device Usage: <MLNeuralEngineComputeDevice: 0x106d51aa0>, Estimated Cost: 0.000170
2026-09-08 17:08:52.532 Python[65523:13566519] Operation: ios18.conv, Device Usage: <MLNeuralEngineComputeDevice: 0x106d51aa0>, Estimated Cost: 0.000012
2026-09-08 17:08:52.532 Python[65523:13566519] Operation: ios18.relu, Device Usage: <MLNeuralEngineComputeDevice: 0x106d51aa0>, Estimated Cost: 0.000000
2026-09-08 17:08:52.532 Python[65523:13566519] Operation: ios18.conv, Device Usage: <MLNeuralEngineComputeDevice: 0x106d51aa0>, Estimated Cost: 0.000012
2026-09-08 17:08:52.532 Python[65523:13566519] Operation: ios18.sigmoid, Device Usage: <MLNeuralEngineComputeDevice: 0x106d51aa0>, Estimated Cost: 0.000002
2026-09-08 17:08:52.532 Python[65523:13566519] Operation: ios18.mul, Device Usage: <MLNeuralEngineComputeDevice: 0x106d51aa0>, Estimated Cost: 0.000289
2026-09-08 17:08:52.532 Python[65523:13566519] Operation: ios18.conv, Device Usage: <MLNeuralEngineComputeDevice: 0x106d51aa0>, Estimated Cost: 0.000919
2026-09-08 17:08:52.532 Python[65523:13566519] Operation: ios18.real_div, Device Usage: <MLNeuralEngineComputeDevice: 0x106d51aa0>, Estimated Cost: 0.000676
2026-09-08 17:08:52.532 Python[65523:13566519] Operation: ios18.erf, Device Usage: <MLNeuralEngineComputeDevice: 0x106d51aa0>, Estimated Cost: 0.000676
2026-09-08 17:08:52.532 Python[65523:13566519] Operation: ios18.add, Device Usage: <MLNeuralEngineComputeDevice: 0x106d51aa0>, Estimated Cost: 0.000686
2026-09-08 17:08:52.532 Python[65523:13566519] Operation: ios18.mul, Device Usage: <MLNeuralEngineComputeDevice: 0x106d51aa0>, Estimated Cost: 0.001148
2026-09-08 17:08:52.532 Python[65523:13566519] Operation: ios18.mul, Device Usage: <MLNeuralEngineComputeDevice: 0x106d51aa0>, Estimated Cost: 0.000574
2026-09-08 17:08:52.532 Python[65523:13566519] Operation: ios18.conv, Device Usage: <MLNeuralEngineComputeDevice: 0x106d51aa0>, Estimated Cost: 0.000918
2026-09-08 17:08:52.532 Python[65523:13566519] Operation: ios18.add, Device Usage: <MLNeuralEngineComputeDevice: 0x106d51aa0>, Estimated Cost: 0.000686
2026-09-08 17:08:52.532 Python[65523:13566519] Operation: ios18.conv, Device Usage: <MLNeuralEngineComputeDevice: 0x106d51aa0>, Estimated Cost: 0.000044
2026-09-08 17:08:52.532 Python[65523:13566519] Operation: ios18.conv, Device Usage: <MLNeuralEngineComputeDevice: 0x106d51aa0>, Estimated Cost: 0.000057
2026-09-08 17:08:52.532 Python[65523:13566519] Operation: ios18.add, Device Usage: <MLNeuralEngineComputeDevice: 0x106d51aa0>, Estimated Cost: 0.000686
2026-09-08 17:08:52.532 Python[65523:13566519] Operation: ios18.add, Device Usage: <MLNeuralEngineComputeDevice: 0x106d51aa0>, Estimated Cost: 0.000686
2026-09-08 17:08:52.532 Python[65523:13566519] Operation: ios18.batch_norm, Device Usage: <MLNeuralEngineComputeDevice: 0x106d51aa0>, Estimated Cost: 0.000338
2026-09-08 17:08:52.532 Python[65523:13566519] Operation: ios18.conv, Device Usage: <MLNeuralEngineComputeDevice: 0x106d51aa0>, Estimated Cost: 0.000919
2026-09-08 17:08:52.532 Python[65523:13566519] Operation: ios18.real_div, Device Usage: <MLNeuralEngineComputeDevice: 0x106d51aa0>, Estimated Cost: 0.000676
2026-09-08 17:08:52.532 Python[65523:13566519] Operation: ios18.erf, Device Usage: <MLNeuralEngineComputeDevice: 0x106d51aa0>, Estimated Cost: 0.000676
2026-09-08 17:08:52.532 Python[65523:13566519] Operation: ios18.add, Device Usage: <MLNeuralEngineComputeDevice: 0x106d51aa0>, Estimated Cost: 0.000686
2026-09-08 17:08:52.532 Python[65523:13566519] Operation: ios18.mul, Device Usage: <MLNeuralEngineComputeDevice: 0x106d51aa0>, Estimated Cost: 0.001148
2026-09-08 17:08:52.532 Python[65523:13566519] Operation: ios18.mul, Device Usage: <MLNeuralEngineComputeDevice: 0x106d51aa0>, Estimated Cost: 0.000574
2026-09-08 17:08:52.532 Python[65523:13566519] Operation: ios18.conv, Device Usage: <MLNeuralEngineComputeDevice: 0x106d51aa0>, Estimated Cost: 0.000918
2026-09-08 17:08:52.532 Python[65523:13566519] Operation: ios18.add, Device Usage: <MLNeuralEngineComputeDevice: 0x106d51aa0>, Estimated Cost: 0.000686
2026-09-08 17:08:52.532 Python[65523:13566519] Operation: ios18.conv, Device Usage: <MLNeuralEngineComputeDevice: 0x106d51aa0>, Estimated Cost: 0.000044
2026-09-08 17:08:52.532 Python[65523:13566519] Operation: ios18.conv, Device Usage: <MLNeuralEngineComputeDevice: 0x106d51aa0>, Estimated Cost: 0.000057
2026-09-08 17:08:52.532 Python[65523:13566519] Operation: ios18.add, Device Usage: <MLNeuralEngineComputeDevice: 0x106d51aa0>, Estimated Cost: 0.000686
2026-09-08 17:08:52.532 Python[65523:13566519] Operation: ios18.add, Device Usage: <MLNeuralEngineComputeDevice: 0x106d51aa0>, Estimated Cost: 0.000686
2026-09-08 17:08:52.532 Python[65523:13566519] Operation: ios18.batch_norm, Device Usage: <MLNeuralEngineComputeDevice: 0x106d51aa0>, Estimated Cost: 0.000338
2026-09-08 17:08:52.532 Python[65523:13566519] Operation: ios16.reduce_mean, Device Usage: <MLNeuralEngineComputeDevice: 0x106d51aa0>, Estimated Cost: 0.000170
2026-09-08 17:08:52.532 Python[65523:13566519] Operation: ios18.conv, Device Usage: <MLNeuralEngineComputeDevice: 0x106d51aa0>, Estimated Cost: 0.000012
2026-09-08 17:08:52.532 Python[65523:13566519] Operation: ios18.relu, Device Usage: <MLNeuralEngineComputeDevice: 0x106d51aa0>, Estimated Cost: 0.000000
2026-09-08 17:08:52.532 Python[65523:13566519] Operation: ios18.conv, Device Usage: <MLNeuralEngineComputeDevice: 0x106d51aa0>, Estimated Cost: 0.000012
2026-09-08 17:08:52.532 Python[65523:13566519] Operation: ios18.sigmoid, Device Usage: <MLNeuralEngineComputeDevice: 0x106d51aa0>, Estimated Cost: 0.000002
2026-09-08 17:08:52.532 Python[65523:13566519] Operation: ios18.mul, Device Usage: <MLNeuralEngineComputeDevice: 0x106d51aa0>, Estimated Cost: 0.000289
2026-09-08 17:08:52.532 Python[65523:13566519] Operation: ios18.conv, Device Usage: <MLNeuralEngineComputeDevice: 0x106d51aa0>, Estimated Cost: 0.000919
2026-09-08 17:08:52.532 Python[65523:13566519] Operation: ios18.real_div, Device Usage: <MLNeuralEngineComputeDevice: 0x106d51aa0>, Estimated Cost: 0.000676
2026-09-08 17:08:52.532 Python[65523:13566519] Operation: ios18.erf, Device Usage: <MLNeuralEngineComputeDevice: 0x106d51aa0>, Estimated Cost: 0.000676
2026-09-08 17:08:52.532 Python[65523:13566519] Operation: ios18.add, Device Usage: <MLNeuralEngineComputeDevice: 0x106d51aa0>, Estimated Cost: 0.000686
2026-09-08 17:08:52.532 Python[65523:13566519] Operation: ios18.mul, Device Usage: <MLNeuralEngineComputeDevice: 0x106d51aa0>, Estimated Cost: 0.001148
2026-09-08 17:08:52.532 Python[65523:13566519] Operation: ios18.mul, Device Usage: <MLNeuralEngineComputeDevice: 0x106d51aa0>, Estimated Cost: 0.000574
2026-09-08 17:08:52.532 Python[65523:13566519] Operation: ios18.conv, Device Usage: <MLNeuralEngineComputeDevice: 0x106d51aa0>, Estimated Cost: 0.000918
2026-09-08 17:08:52.532 Python[65523:13566519] Operation: ios18.add, Device Usage: <MLNeuralEngineComputeDevice: 0x106d51aa0>, Estimated Cost: 0.000686
2026-09-08 17:08:52.532 Python[65523:13566519] Operation: ios18.conv, Device Usage: <MLNeuralEngineComputeDevice: 0x106d51aa0>, Estimated Cost: 0.000044
2026-09-08 17:08:52.532 Python[65523:13566519] Operation: ios18.conv, Device Usage: <MLNeuralEngineComputeDevice: 0x106d51aa0>, Estimated Cost: 0.000057
2026-09-08 17:08:52.532 Python[65523:13566519] Operation: ios18.add, Device Usage: <MLNeuralEngineComputeDevice: 0x106d51aa0>, Estimated Cost: 0.000686
2026-09-08 17:08:52.532 Python[65523:13566519] Operation: ios18.add, Device Usage: <MLNeuralEngineComputeDevice: 0x106d51aa0>, Estimated Cost: 0.000686
2026-09-08 17:08:52.532 Python[65523:13566519] Operation: ios18.batch_norm, Device Usage: <MLNeuralEngineComputeDevice: 0x106d51aa0>, Estimated Cost: 0.000338
2026-09-08 17:08:52.532 Python[65523:13566519] Operation: ios18.conv, Device Usage: <MLNeuralEngineComputeDevice: 0x106d51aa0>, Estimated Cost: 0.000919
2026-09-08 17:08:52.532 Python[65523:13566519] Operation: ios18.real_div, Device Usage: <MLNeuralEngineComputeDevice: 0x106d51aa0>, Estimated Cost: 0.000676
2026-09-08 17:08:52.532 Python[65523:13566519] Operation: ios18.erf, Device Usage: <MLNeuralEngineComputeDevice: 0x106d51aa0>, Estimated Cost: 0.000676
2026-09-08 17:08:52.532 Python[65523:13566519] Operation: ios18.add, Device Usage: <MLNeuralEngineComputeDevice: 0x106d51aa0>, Estimated Cost: 0.000686
2026-09-08 17:08:52.532 Python[65523:13566519] Operation: ios18.mul, Device Usage: <MLNeuralEngineComputeDevice: 0x106d51aa0>, Estimated Cost: 0.001148
2026-09-08 17:08:52.532 Python[65523:13566519] Operation: ios18.mul, Device Usage: <MLNeuralEngineComputeDevice: 0x106d51aa0>, Estimated Cost: 0.000574
2026-09-08 17:08:52.532 Python[65523:13566519] Operation: ios18.conv, Device Usage: <MLNeuralEngineComputeDevice: 0x106d51aa0>, Estimated Cost: 0.000918
2026-09-08 17:08:52.532 Python[65523:13566519] Operation: ios18.add, Device Usage: <MLNeuralEngineComputeDevice: 0x106d51aa0>, Estimated Cost: 0.000686
2026-09-08 17:08:52.532 Python[65523:13566519] Operation: ios18.conv, Device Usage: <MLNeuralEngineComputeDevice: 0x106d51aa0>, Estimated Cost: 0.000044
2026-09-08 17:08:52.532 Python[65523:13566519] Operation: ios18.conv, Device Usage: <MLNeuralEngineComputeDevice: 0x106d51aa0>, Estimated Cost: 0.000057
2026-09-08 17:08:52.532 Python[65523:13566519] Operation: ios18.add, Device Usage: <MLNeuralEngineComputeDevice: 0x106d51aa0>, Estimated Cost: 0.000686
2026-09-08 17:08:52.532 Python[65523:13566519] Operation: ios18.add, Device Usage: <MLNeuralEngineComputeDevice: 0x106d51aa0>, Estimated Cost: 0.000686
2026-09-08 17:08:52.532 Python[65523:13566519] Operation: ios18.batch_norm, Device Usage: <MLNeuralEngineComputeDevice: 0x106d51aa0>, Estimated Cost: 0.000338
2026-09-08 17:08:52.532 Python[65523:13566519] Operation: ios16.reduce_mean, Device Usage: <MLNeuralEngineComputeDevice: 0x106d51aa0>, Estimated Cost: 0.000170
2026-09-08 17:08:52.532 Python[65523:13566519] Operation: ios18.conv, Device Usage: <MLNeuralEngineComputeDevice: 0x106d51aa0>, Estimated Cost: 0.000012
2026-09-08 17:08:52.532 Python[65523:13566519] Operation: ios18.relu, Device Usage: <MLNeuralEngineComputeDevice: 0x106d51aa0>, Estimated Cost: 0.000000
2026-09-08 17:08:52.532 Python[65523:13566519] Operation: ios18.conv, Device Usage: <MLNeuralEngineComputeDevice: 0x106d51aa0>, Estimated Cost: 0.000012
2026-09-08 17:08:52.532 Python[65523:13566519] Operation: ios18.sigmoid, Device Usage: <MLNeuralEngineComputeDevice: 0x106d51aa0>, Estimated Cost: 0.000002
2026-09-08 17:08:52.532 Python[65523:13566519] Operation: ios18.mul, Device Usage: <MLNeuralEngineComputeDevice: 0x106d51aa0>, Estimated Cost: 0.000289
2026-09-08 17:08:52.532 Python[65523:13566519] Operation: ios18.conv, Device Usage: <MLNeuralEngineComputeDevice: 0x106d51aa0>, Estimated Cost: 0.000919
2026-09-08 17:08:52.532 Python[65523:13566519] Operation: ios18.real_div, Device Usage: <MLNeuralEngineComputeDevice: 0x106d51aa0>, Estimated Cost: 0.000676
2026-09-08 17:08:52.532 Python[65523:13566519] Operation: ios18.erf, Device Usage: <MLNeuralEngineComputeDevice: 0x106d51aa0>, Estimated Cost: 0.000676
2026-09-08 17:08:52.532 Python[65523:13566519] Operation: ios18.add, Device Usage: <MLNeuralEngineComputeDevice: 0x106d51aa0>, Estimated Cost: 0.000686
2026-09-08 17:08:52.532 Python[65523:13566519] Operation: ios18.mul, Device Usage: <MLNeuralEngineComputeDevice: 0x106d51aa0>, Estimated Cost: 0.001148
2026-09-08 17:08:52.533 Python[65523:13566519] Operation: ios18.mul, Device Usage: <MLNeuralEngineComputeDevice: 0x106d51aa0>, Estimated Cost: 0.000574
2026-09-08 17:08:52.533 Python[65523:13566519] Operation: ios18.conv, Device Usage: <MLNeuralEngineComputeDevice: 0x106d51aa0>, Estimated Cost: 0.000918
2026-09-08 17:08:52.533 Python[65523:13566519] Operation: ios18.add, Device Usage: <MLNeuralEngineComputeDevice: 0x106d51aa0>, Estimated Cost: 0.000686
2026-09-08 17:08:52.533 Python[65523:13566519] Operation: ios18.conv, Device Usage: <MLNeuralEngineComputeDevice: 0x106d51aa0>, Estimated Cost: 0.000044
2026-09-08 17:08:52.533 Python[65523:13566519] Operation: ios18.conv, Device Usage: <MLNeuralEngineComputeDevice: 0x106d51aa0>, Estimated Cost: 0.000057
2026-09-08 17:08:52.533 Python[65523:13566519] Operation: ios18.add, Device Usage: <MLNeuralEngineComputeDevice: 0x106d51aa0>, Estimated Cost: 0.000686
2026-09-08 17:08:52.533 Python[65523:13566519] Operation: ios18.add, Device Usage: <MLNeuralEngineComputeDevice: 0x106d51aa0>, Estimated Cost: 0.000686
2026-09-08 17:08:52.533 Python[65523:13566519] Operation: ios18.batch_norm, Device Usage: <MLNeuralEngineComputeDevice: 0x106d51aa0>, Estimated Cost: 0.000338
2026-09-08 17:08:52.533 Python[65523:13566519] Operation: ios18.conv, Device Usage: <MLNeuralEngineComputeDevice: 0x106d51aa0>, Estimated Cost: 0.000919
2026-09-08 17:08:52.533 Python[65523:13566519] Operation: ios18.real_div, Device Usage: <MLNeuralEngineComputeDevice: 0x106d51aa0>, Estimated Cost: 0.000676
2026-09-08 17:08:52.533 Python[65523:13566519] Operation: ios18.erf, Device Usage: <MLNeuralEngineComputeDevice: 0x106d51aa0>, Estimated Cost: 0.000676
2026-09-08 17:08:52.533 Python[65523:13566519] Operation: ios18.add, Device Usage: <MLNeuralEngineComputeDevice: 0x106d51aa0>, Estimated Cost: 0.000686
2026-09-08 17:08:52.533 Python[65523:13566519] Operation: ios18.mul, Device Usage: <MLNeuralEngineComputeDevice: 0x106d51aa0>, Estimated Cost: 0.001148
2026-09-08 17:08:52.533 Python[65523:13566519] Operation: ios18.mul, Device Usage: <MLNeuralEngineComputeDevice: 0x106d51aa0>, Estimated Cost: 0.000574
2026-09-08 17:08:52.533 Python[65523:13566519] Operation: ios18.conv, Device Usage: <MLNeuralEngineComputeDevice: 0x106d51aa0>, Estimated Cost: 0.000918
2026-09-08 17:08:52.533 Python[65523:13566519] Operation: ios18.add, Device Usage: <MLNeuralEngineComputeDevice: 0x106d51aa0>, Estimated Cost: 0.000686
2026-09-08 17:08:52.533 Python[65523:13566519] Operation: ios18.conv, Device Usage: <MLNeuralEngineComputeDevice: 0x106d51aa0>, Estimated Cost: 0.000044
2026-09-08 17:08:52.533 Python[65523:13566519] Operation: ios18.conv, Device Usage: <MLNeuralEngineComputeDevice: 0x106d51aa0>, Estimated Cost: 0.000057
2026-09-08 17:08:52.533 Python[65523:13566519] Operation: ios18.add, Device Usage: <MLNeuralEngineComputeDevice: 0x106d51aa0>, Estimated Cost: 0.000686
2026-09-08 17:08:52.533 Python[65523:13566519] Operation: ios18.add, Device Usage: <MLNeuralEngineComputeDevice: 0x106d51aa0>, Estimated Cost: 0.000686
2026-09-08 17:08:52.533 Python[65523:13566519] Operation: ios18.batch_norm, Device Usage: <MLNeuralEngineComputeDevice: 0x106d51aa0>, Estimated Cost: 0.000338
2026-09-08 17:08:52.533 Python[65523:13566519] Operation: ios16.reduce_mean, Device Usage: <MLNeuralEngineComputeDevice: 0x106d51aa0>, Estimated Cost: 0.000170
2026-09-08 17:08:52.533 Python[65523:13566519] Operation: ios18.conv, Device Usage: <MLNeuralEngineComputeDevice: 0x106d51aa0>, Estimated Cost: 0.000012
2026-09-08 17:08:52.533 Python[65523:13566519] Operation: ios18.relu, Device Usage: <MLNeuralEngineComputeDevice: 0x106d51aa0>, Estimated Cost: 0.000000
2026-09-08 17:08:52.533 Python[65523:13566519] Operation: ios18.conv, Device Usage: <MLNeuralEngineComputeDevice: 0x106d51aa0>, Estimated Cost: 0.000012
2026-09-08 17:08:52.533 Python[65523:13566519] Operation: ios18.sigmoid, Device Usage: <MLNeuralEngineComputeDevice: 0x106d51aa0>, Estimated Cost: 0.000002
2026-09-08 17:08:52.533 Python[65523:13566519] Operation: ios18.mul, Device Usage: <MLNeuralEngineComputeDevice: 0x106d51aa0>, Estimated Cost: 0.000289
2026-09-08 17:08:52.533 Python[65523:13566519] Operation: ios18.conv, Device Usage: <MLNeuralEngineComputeDevice: 0x106d51aa0>, Estimated Cost: 0.000919
2026-09-08 17:08:52.533 Python[65523:13566519] Operation: ios18.real_div, Device Usage: <MLNeuralEngineComputeDevice: 0x106d51aa0>, Estimated Cost: 0.000676
2026-09-08 17:08:52.533 Python[65523:13566519] Operation: ios18.erf, Device Usage: <MLNeuralEngineComputeDevice: 0x106d51aa0>, Estimated Cost: 0.000676
2026-09-08 17:08:52.533 Python[65523:13566519] Operation: ios18.add, Device Usage: <MLNeuralEngineComputeDevice: 0x106d51aa0>, Estimated Cost: 0.000686
2026-09-08 17:08:52.533 Python[65523:13566519] Operation: ios18.mul, Device Usage: <MLNeuralEngineComputeDevice: 0x106d51aa0>, Estimated Cost: 0.001148
2026-09-08 17:08:52.533 Python[65523:13566519] Operation: ios18.mul, Device Usage: <MLNeuralEngineComputeDevice: 0x106d51aa0>, Estimated Cost: 0.000574
2026-09-08 17:08:52.533 Python[65523:13566519] Operation: ios18.conv, Device Usage: <MLNeuralEngineComputeDevice: 0x106d51aa0>, Estimated Cost: 0.000918
2026-09-08 17:08:52.533 Python[65523:13566519] Operation: ios18.add, Device Usage: <MLNeuralEngineComputeDevice: 0x106d51aa0>, Estimated Cost: 0.000686
2026-09-08 17:08:52.533 Python[65523:13566519] Operation: ios18.conv, Device Usage: <MLNeuralEngineComputeDevice: 0x106d51aa0>, Estimated Cost: 0.000044
2026-09-08 17:08:52.533 Python[65523:13566519] Operation: ios18.conv, Device Usage: <MLNeuralEngineComputeDevice: 0x106d51aa0>, Estimated Cost: 0.000057
2026-09-08 17:08:52.533 Python[65523:13566519] Operation: ios18.add, Device Usage: <MLNeuralEngineComputeDevice: 0x106d51aa0>, Estimated Cost: 0.000686
2026-09-08 17:08:52.533 Python[65523:13566519] Operation: ios18.add, Device Usage: <MLNeuralEngineComputeDevice: 0x106d51aa0>, Estimated Cost: 0.000686
2026-09-08 17:08:52.533 Python[65523:13566519] Operation: ios18.batch_norm, Device Usage: <MLNeuralEngineComputeDevice: 0x106d51aa0>, Estimated Cost: 0.000338
2026-09-08 17:08:52.533 Python[65523:13566519] Operation: ios18.conv, Device Usage: <MLNeuralEngineComputeDevice: 0x106d51aa0>, Estimated Cost: 0.000919
2026-09-08 17:08:52.533 Python[65523:13566519] Operation: ios18.real_div, Device Usage: <MLNeuralEngineComputeDevice: 0x106d51aa0>, Estimated Cost: 0.000676
2026-09-08 17:08:52.533 Python[65523:13566519] Operation: ios18.erf, Device Usage: <MLNeuralEngineComputeDevice: 0x106d51aa0>, Estimated Cost: 0.000676
2026-09-08 17:08:52.533 Python[65523:13566519] Operation: ios18.add, Device Usage: <MLNeuralEngineComputeDevice: 0x106d51aa0>, Estimated Cost: 0.000686
2026-09-08 17:08:52.533 Python[65523:13566519] Operation: ios18.mul, Device Usage: <MLNeuralEngineComputeDevice: 0x106d51aa0>, Estimated Cost: 0.001148
2026-09-08 17:08:52.533 Python[65523:13566519] Operation: ios18.mul, Device Usage: <MLNeuralEngineComputeDevice: 0x106d51aa0>, Estimated Cost: 0.000574
2026-09-08 17:08:52.533 Python[65523:13566519] Operation: ios18.conv, Device Usage: <MLNeuralEngineComputeDevice: 0x106d51aa0>, Estimated Cost: 0.000918
2026-09-08 17:08:52.533 Python[65523:13566519] Operation: ios18.add, Device Usage: <MLNeuralEngineComputeDevice: 0x106d51aa0>, Estimated Cost: 0.000686
2026-09-08 17:08:52.533 Python[65523:13566519] Operation: ios18.conv, Device Usage: <MLNeuralEngineComputeDevice: 0x106d51aa0>, Estimated Cost: 0.000044
2026-09-08 17:08:52.533 Python[65523:13566519] Operation: ios18.conv, Device Usage: <MLNeuralEngineComputeDevice: 0x106d51aa0>, Estimated Cost: 0.000057
2026-09-08 17:08:52.533 Python[65523:13566519] Operation: ios18.add, Device Usage: <MLNeuralEngineComputeDevice: 0x106d51aa0>, Estimated Cost: 0.000686
2026-09-08 17:08:52.533 Python[65523:13566519] Operation: ios18.add, Device Usage: <MLNeuralEngineComputeDevice: 0x106d51aa0>, Estimated Cost: 0.000686
2026-09-08 17:08:52.533 Python[65523:13566519] Operation: ios18.batch_norm, Device Usage: <MLNeuralEngineComputeDevice: 0x106d51aa0>, Estimated Cost: 0.000338
2026-09-08 17:08:52.533 Python[65523:13566519] Operation: ios16.reduce_mean, Device Usage: <MLNeuralEngineComputeDevice: 0x106d51aa0>, Estimated Cost: 0.000170
2026-09-08 17:08:52.533 Python[65523:13566519] Operation: ios18.conv, Device Usage: <MLNeuralEngineComputeDevice: 0x106d51aa0>, Estimated Cost: 0.000012
2026-09-08 17:08:52.533 Python[65523:13566519] Operation: ios18.relu, Device Usage: <MLNeuralEngineComputeDevice: 0x106d51aa0>, Estimated Cost: 0.000000
2026-09-08 17:08:52.533 Python[65523:13566519] Operation: ios18.conv, Device Usage: <MLNeuralEngineComputeDevice: 0x106d51aa0>, Estimated Cost: 0.000012
2026-09-08 17:08:52.533 Python[65523:13566519] Operation: ios18.sigmoid, Device Usage: <MLNeuralEngineComputeDevice: 0x106d51aa0>, Estimated Cost: 0.000002
2026-09-08 17:08:52.533 Python[65523:13566519] Operation: ios18.mul, Device Usage: <MLNeuralEngineComputeDevice: 0x106d51aa0>, Estimated Cost: 0.000289
2026-09-08 17:08:52.533 Python[65523:13566519] Operation: ios18.conv, Device Usage: <MLNeuralEngineComputeDevice: 0x106d51aa0>, Estimated Cost: 0.000919
2026-09-08 17:08:52.533 Python[65523:13566519] Operation: ios18.real_div, Device Usage: <MLNeuralEngineComputeDevice: 0x106d51aa0>, Estimated Cost: 0.000676
2026-09-08 17:08:52.533 Python[65523:13566519] Operation: ios18.erf, Device Usage: <MLNeuralEngineComputeDevice: 0x106d51aa0>, Estimated Cost: 0.000676
2026-09-08 17:08:52.533 Python[65523:13566519] Operation: ios18.add, Device Usage: <MLNeuralEngineComputeDevice: 0x106d51aa0>, Estimated Cost: 0.000686
2026-09-08 17:08:52.533 Python[65523:13566519] Operation: ios18.mul, Device Usage: <MLNeuralEngineComputeDevice: 0x106d51aa0>, Estimated Cost: 0.001148
2026-09-08 17:08:52.533 Python[65523:13566519] Operation: ios18.mul, Device Usage: <MLNeuralEngineComputeDevice: 0x106d51aa0>, Estimated Cost: 0.000574
2026-09-08 17:08:52.533 Python[65523:13566519] Operation: ios18.conv, Device Usage: <MLNeuralEngineComputeDevice: 0x106d51aa0>, Estimated Cost: 0.000918
2026-09-08 17:08:52.533 Python[65523:13566519] Operation: ios18.add, Device Usage: <MLNeuralEngineComputeDevice: 0x106d51aa0>, Estimated Cost: 0.000686
2026-09-08 17:08:52.533 Python[65523:13566519] Operation: ios18.conv, Device Usage: <MLNeuralEngineComputeDevice: 0x106d51aa0>, Estimated Cost: 0.000044
2026-09-08 17:08:52.533 Python[65523:13566519] Operation: ios18.conv, Device Usage: <MLNeuralEngineComputeDevice: 0x106d51aa0>, Estimated Cost: 0.000057
2026-09-08 17:08:52.533 Python[65523:13566519] Operation: ios18.add, Device Usage: <MLNeuralEngineComputeDevice: 0x106d51aa0>, Estimated Cost: 0.000686
2026-09-08 17:08:52.533 Python[65523:13566519] Operation: ios18.add, Device Usage: <MLNeuralEngineComputeDevice: 0x106d51aa0>, Estimated Cost: 0.000686
2026-09-08 17:08:52.533 Python[65523:13566519] Operation: ios18.batch_norm, Device Usage: <MLNeuralEngineComputeDevice: 0x106d51aa0>, Estimated Cost: 0.000338
2026-09-08 17:08:52.533 Python[65523:13566519] Operation: ios18.conv, Device Usage: <MLNeuralEngineComputeDevice: 0x106d51aa0>, Estimated Cost: 0.000919
2026-09-08 17:08:52.533 Python[65523:13566519] Operation: ios18.real_div, Device Usage: <MLNeuralEngineComputeDevice: 0x106d51aa0>, Estimated Cost: 0.000676
2026-09-08 17:08:52.533 Python[65523:13566519] Operation: ios18.erf, Device Usage: <MLNeuralEngineComputeDevice: 0x106d51aa0>, Estimated Cost: 0.000676
2026-09-08 17:08:52.533 Python[65523:13566519] Operation: ios18.add, Device Usage: <MLNeuralEngineComputeDevice: 0x106d51aa0>, Estimated Cost: 0.000686
2026-09-08 17:08:52.533 Python[65523:13566519] Operation: ios18.mul, Device Usage: <MLNeuralEngineComputeDevice: 0x106d51aa0>, Estimated Cost: 0.001148
2026-09-08 17:08:52.533 Python[65523:13566519] Operation: ios18.mul, Device Usage: <MLNeuralEngineComputeDevice: 0x106d51aa0>, Estimated Cost: 0.000574
2026-09-08 17:08:52.533 Python[65523:13566519] Operation: ios18.conv, Device Usage: <MLNeuralEngineComputeDevice: 0x106d51aa0>, Estimated Cost: 0.000918
2026-09-08 17:08:52.533 Python[65523:13566519] Operation: ios18.add, Device Usage: <MLNeuralEngineComputeDevice: 0x106d51aa0>, Estimated Cost: 0.000686
2026-09-08 17:08:52.533 Python[65523:13566519] Operation: ios18.conv, Device Usage: <MLNeuralEngineComputeDevice: 0x106d51aa0>, Estimated Cost: 0.000044
2026-09-08 17:08:52.533 Python[65523:13566519] Operation: ios18.conv, Device Usage: <MLNeuralEngineComputeDevice: 0x106d51aa0>, Estimated Cost: 0.000057
2026-09-08 17:08:52.533 Python[65523:13566519] Operation: ios18.add, Device Usage: <MLNeuralEngineComputeDevice: 0x106d51aa0>, Estimated Cost: 0.000686
2026-09-08 17:08:52.533 Python[65523:13566519] Operation: ios18.add, Device Usage: <MLNeuralEngineComputeDevice: 0x106d51aa0>, Estimated Cost: 0.000686
2026-09-08 17:08:52.533 Python[65523:13566519] Operation: ios18.batch_norm, Device Usage: <MLNeuralEngineComputeDevice: 0x106d51aa0>, Estimated Cost: 0.000338
2026-09-08 17:08:52.533 Python[65523:13566519] Operation: ios16.reduce_mean, Device Usage: <MLNeuralEngineComputeDevice: 0x106d51aa0>, Estimated Cost: 0.000170
2026-09-08 17:08:52.533 Python[65523:13566519] Operation: ios18.conv, Device Usage: <MLNeuralEngineComputeDevice: 0x106d51aa0>, Estimated Cost: 0.000012
2026-09-08 17:08:52.533 Python[65523:13566519] Operation: ios18.relu, Device Usage: <MLNeuralEngineComputeDevice: 0x106d51aa0>, Estimated Cost: 0.000000
2026-09-08 17:08:52.533 Python[65523:13566519] Operation: ios18.conv, Device Usage: <MLNeuralEngineComputeDevice: 0x106d51aa0>, Estimated Cost: 0.000012
2026-09-08 17:08:52.533 Python[65523:13566519] Operation: ios18.sigmoid, Device Usage: <MLNeuralEngineComputeDevice: 0x106d51aa0>, Estimated Cost: 0.000002
2026-09-08 17:08:52.533 Python[65523:13566519] Operation: ios18.mul, Device Usage: <MLNeuralEngineComputeDevice: 0x106d51aa0>, Estimated Cost: 0.000289
2026-09-08 17:08:52.533 Python[65523:13566519] Operation: ios18.conv, Device Usage: <MLNeuralEngineComputeDevice: 0x106d51aa0>, Estimated Cost: 0.000919
2026-09-08 17:08:52.533 Python[65523:13566519] Operation: ios18.real_div, Device Usage: <MLNeuralEngineComputeDevice: 0x106d51aa0>, Estimated Cost: 0.000676
2026-09-08 17:08:52.533 Python[65523:13566519] Operation: ios18.erf, Device Usage: <MLNeuralEngineComputeDevice: 0x106d51aa0>, Estimated Cost: 0.000676
2026-09-08 17:08:52.533 Python[65523:13566519] Operation: ios18.add, Device Usage: <MLNeuralEngineComputeDevice: 0x106d51aa0>, Estimated Cost: 0.000686
2026-09-08 17:08:52.533 Python[65523:13566519] Operation: ios18.mul, Device Usage: <MLNeuralEngineComputeDevice: 0x106d51aa0>, Estimated Cost: 0.001148
2026-09-08 17:08:52.533 Python[65523:13566519] Operation: ios18.mul, Device Usage: <MLNeuralEngineComputeDevice: 0x106d51aa0>, Estimated Cost: 0.000574
2026-09-08 17:08:52.533 Python[65523:13566519] Operation: ios18.conv, Device Usage: <MLNeuralEngineComputeDevice: 0x106d51aa0>, Estimated Cost: 0.000918
2026-09-08 17:08:52.533 Python[65523:13566519] Operation: ios18.add, Device Usage: <MLNeuralEngineComputeDevice: 0x106d51aa0>, Estimated Cost: 0.000686
2026-09-08 17:08:52.533 Python[65523:13566519] Operation: ios18.conv, Device Usage: <MLNeuralEngineComputeDevice: 0x106d51aa0>, Estimated Cost: 0.000044
2026-09-08 17:08:52.533 Python[65523:13566519] Operation: ios18.conv, Device Usage: <MLNeuralEngineComputeDevice: 0x106d51aa0>, Estimated Cost: 0.000057
2026-09-08 17:08:52.533 Python[65523:13566519] Operation: ios18.add, Device Usage: <MLNeuralEngineComputeDevice: 0x106d51aa0>, Estimated Cost: 0.000686
2026-09-08 17:08:52.533 Python[65523:13566519] Operation: ios18.add, Device Usage: <MLNeuralEngineComputeDevice: 0x106d51aa0>, Estimated Cost: 0.000686
2026-09-08 17:08:52.533 Python[65523:13566519] Operation: ios18.batch_norm, Device Usage: <MLNeuralEngineComputeDevice: 0x106d51aa0>, Estimated Cost: 0.000338
2026-09-08 17:08:52.534 Python[65523:13566519] Operation: ios18.conv, Device Usage: <MLNeuralEngineComputeDevice: 0x106d51aa0>, Estimated Cost: 0.000919
2026-09-08 17:08:52.534 Python[65523:13566519] Operation: ios18.real_div, Device Usage: <MLNeuralEngineComputeDevice: 0x106d51aa0>, Estimated Cost: 0.000676
2026-09-08 17:08:52.534 Python[65523:13566519] Operation: ios18.erf, Device Usage: <MLNeuralEngineComputeDevice: 0x106d51aa0>, Estimated Cost: 0.000676
2026-09-08 17:08:52.534 Python[65523:13566519] Operation: ios18.add, Device Usage: <MLNeuralEngineComputeDevice: 0x106d51aa0>, Estimated Cost: 0.000686
2026-09-08 17:08:52.534 Python[65523:13566519] Operation: ios18.mul, Device Usage: <MLNeuralEngineComputeDevice: 0x106d51aa0>, Estimated Cost: 0.001148
2026-09-08 17:08:52.534 Python[65523:13566519] Operation: ios18.mul, Device Usage: <MLNeuralEngineComputeDevice: 0x106d51aa0>, Estimated Cost: 0.000574
2026-09-08 17:08:52.534 Python[65523:13566519] Operation: ios18.conv, Device Usage: <MLNeuralEngineComputeDevice: 0x106d51aa0>, Estimated Cost: 0.000918
2026-09-08 17:08:52.534 Python[65523:13566519] Operation: ios18.add, Device Usage: <MLNeuralEngineComputeDevice: 0x106d51aa0>, Estimated Cost: 0.000686
2026-09-08 17:08:52.534 Python[65523:13566519] Operation: ios18.conv, Device Usage: <MLNeuralEngineComputeDevice: 0x106d51aa0>, Estimated Cost: 0.000044
2026-09-08 17:08:52.534 Python[65523:13566519] Operation: ios18.conv, Device Usage: <MLNeuralEngineComputeDevice: 0x106d51aa0>, Estimated Cost: 0.000057
2026-09-08 17:08:52.534 Python[65523:13566519] Operation: ios18.add, Device Usage: <MLNeuralEngineComputeDevice: 0x106d51aa0>, Estimated Cost: 0.000686
2026-09-08 17:08:52.534 Python[65523:13566519] Operation: ios18.add, Device Usage: <MLNeuralEngineComputeDevice: 0x106d51aa0>, Estimated Cost: 0.000686
2026-09-08 17:08:52.534 Python[65523:13566519] Operation: ios18.batch_norm, Device Usage: <MLNeuralEngineComputeDevice: 0x106d51aa0>, Estimated Cost: 0.000338
2026-09-08 17:08:52.534 Python[65523:13566519] Operation: ios16.reduce_mean, Device Usage: <MLNeuralEngineComputeDevice: 0x106d51aa0>, Estimated Cost: 0.000170
2026-09-08 17:08:52.534 Python[65523:13566519] Operation: ios18.conv, Device Usage: <MLNeuralEngineComputeDevice: 0x106d51aa0>, Estimated Cost: 0.000012
2026-09-08 17:08:52.534 Python[65523:13566519] Operation: ios18.relu, Device Usage: <MLNeuralEngineComputeDevice: 0x106d51aa0>, Estimated Cost: 0.000000
2026-09-08 17:08:52.534 Python[65523:13566519] Operation: ios18.conv, Device Usage: <MLNeuralEngineComputeDevice: 0x106d51aa0>, Estimated Cost: 0.000012
2026-09-08 17:08:52.534 Python[65523:13566519] Operation: ios18.sigmoid, Device Usage: <MLNeuralEngineComputeDevice: 0x106d51aa0>, Estimated Cost: 0.000002
2026-09-08 17:08:52.534 Python[65523:13566519] Operation: ios18.mul, Device Usage: <MLNeuralEngineComputeDevice: 0x106d51aa0>, Estimated Cost: 0.000289
2026-09-08 17:08:52.534 Python[65523:13566519] Operation: ios18.conv, Device Usage: <MLNeuralEngineComputeDevice: 0x106d51aa0>, Estimated Cost: 0.000919
2026-09-08 17:08:52.534 Python[65523:13566519] Operation: ios18.real_div, Device Usage: <MLNeuralEngineComputeDevice: 0x106d51aa0>, Estimated Cost: 0.000676
2026-09-08 17:08:52.534 Python[65523:13566519] Operation: ios18.erf, Device Usage: <MLNeuralEngineComputeDevice: 0x106d51aa0>, Estimated Cost: 0.000676
2026-09-08 17:08:52.534 Python[65523:13566519] Operation: ios18.add, Device Usage: <MLNeuralEngineComputeDevice: 0x106d51aa0>, Estimated Cost: 0.000686
2026-09-08 17:08:52.534 Python[65523:13566519] Operation: ios18.mul, Device Usage: <MLNeuralEngineComputeDevice: 0x106d51aa0>, Estimated Cost: 0.001148
2026-09-08 17:08:52.534 Python[65523:13566519] Operation: ios18.mul, Device Usage: <MLNeuralEngineComputeDevice: 0x106d51aa0>, Estimated Cost: 0.000574
2026-09-08 17:08:52.534 Python[65523:13566519] Operation: ios18.conv, Device Usage: <MLNeuralEngineComputeDevice: 0x106d51aa0>, Estimated Cost: 0.000918
2026-09-08 17:08:52.534 Python[65523:13566519] Operation: ios18.add, Device Usage: <MLNeuralEngineComputeDevice: 0x106d51aa0>, Estimated Cost: 0.000686
2026-09-08 17:08:52.534 Python[65523:13566519] Operation: ios18.conv, Device Usage: <MLNeuralEngineComputeDevice: 0x106d51aa0>, Estimated Cost: 0.000044
2026-09-08 17:08:52.534 Python[65523:13566519] Operation: ios18.conv, Device Usage: <MLNeuralEngineComputeDevice: 0x106d51aa0>, Estimated Cost: 0.000057
2026-09-08 17:08:52.534 Python[65523:13566519] Operation: ios18.add, Device Usage: <MLNeuralEngineComputeDevice: 0x106d51aa0>, Estimated Cost: 0.000686
2026-09-08 17:08:52.534 Python[65523:13566519] Operation: ios18.add, Device Usage: <MLNeuralEngineComputeDevice: 0x106d51aa0>, Estimated Cost: 0.000686
2026-09-08 17:08:52.534 Python[65523:13566519] Operation: ios18.batch_norm, Device Usage: <MLNeuralEngineComputeDevice: 0x106d51aa0>, Estimated Cost: 0.000338
2026-09-08 17:08:52.534 Python[65523:13566519] Operation: ios18.conv, Device Usage: <MLNeuralEngineComputeDevice: 0x106d51aa0>, Estimated Cost: 0.000919
2026-09-08 17:08:52.534 Python[65523:13566519] Operation: ios18.real_div, Device Usage: <MLNeuralEngineComputeDevice: 0x106d51aa0>, Estimated Cost: 0.000676
2026-09-08 17:08:52.534 Python[65523:13566519] Operation: ios18.erf, Device Usage: <MLNeuralEngineComputeDevice: 0x106d51aa0>, Estimated Cost: 0.000676
2026-09-08 17:08:52.534 Python[65523:13566519] Operation: ios18.add, Device Usage: <MLNeuralEngineComputeDevice: 0x106d51aa0>, Estimated Cost: 0.000686
2026-09-08 17:08:52.534 Python[65523:13566519] Operation: ios18.mul, Device Usage: <MLNeuralEngineComputeDevice: 0x106d51aa0>, Estimated Cost: 0.001148
2026-09-08 17:08:52.534 Python[65523:13566519] Operation: ios18.mul, Device Usage: <MLNeuralEngineComputeDevice: 0x106d51aa0>, Estimated Cost: 0.000574
2026-09-08 17:08:52.534 Python[65523:13566519] Operation: ios18.conv, Device Usage: <MLNeuralEngineComputeDevice: 0x106d51aa0>, Estimated Cost: 0.000918
2026-09-08 17:08:52.534 Python[65523:13566519] Operation: ios18.add, Device Usage: <MLNeuralEngineComputeDevice: 0x106d51aa0>, Estimated Cost: 0.000686
2026-09-08 17:08:52.534 Python[65523:13566519] Operation: ios18.conv, Device Usage: <MLNeuralEngineComputeDevice: 0x106d51aa0>, Estimated Cost: 0.000044
2026-09-08 17:08:52.534 Python[65523:13566519] Operation: ios18.conv, Device Usage: <MLNeuralEngineComputeDevice: 0x106d51aa0>, Estimated Cost: 0.000057
2026-09-08 17:08:52.534 Python[65523:13566519] Operation: ios18.add, Device Usage: <MLNeuralEngineComputeDevice: 0x106d51aa0>, Estimated Cost: 0.000686
2026-09-08 17:08:52.534 Python[65523:13566519] Operation: ios18.add, Device Usage: <MLNeuralEngineComputeDevice: 0x106d51aa0>, Estimated Cost: 0.000686
2026-09-08 17:08:52.534 Python[65523:13566519] Operation: ios18.batch_norm, Device Usage: <MLNeuralEngineComputeDevice: 0x106d51aa0>, Estimated Cost: 0.000338
2026-09-08 17:08:52.534 Python[65523:13566519] Operation: ios16.reduce_mean, Device Usage: <MLNeuralEngineComputeDevice: 0x106d51aa0>, Estimated Cost: 0.000170
2026-09-08 17:08:52.534 Python[65523:13566519] Operation: ios18.conv, Device Usage: <MLNeuralEngineComputeDevice: 0x106d51aa0>, Estimated Cost: 0.000012
2026-09-08 17:08:52.534 Python[65523:13566519] Operation: ios18.relu, Device Usage: <MLNeuralEngineComputeDevice: 0x106d51aa0>, Estimated Cost: 0.000000
2026-09-08 17:08:52.534 Python[65523:13566519] Operation: ios18.conv, Device Usage: <MLNeuralEngineComputeDevice: 0x106d51aa0>, Estimated Cost: 0.000012
2026-09-08 17:08:52.534 Python[65523:13566519] Operation: ios18.sigmoid, Device Usage: <MLNeuralEngineComputeDevice: 0x106d51aa0>, Estimated Cost: 0.000002
2026-09-08 17:08:52.534 Python[65523:13566519] Operation: ios18.mul, Device Usage: <MLNeuralEngineComputeDevice: 0x106d51aa0>, Estimated Cost: 0.000289
2026-09-08 17:08:52.534 Python[65523:13566519] Operation: ios18.conv, Device Usage: <MLNeuralEngineComputeDevice: 0x106d51aa0>, Estimated Cost: 0.000919
2026-09-08 17:08:52.534 Python[65523:13566519] Operation: ios18.real_div, Device Usage: <MLNeuralEngineComputeDevice: 0x106d51aa0>, Estimated Cost: 0.000676
2026-09-08 17:08:52.534 Python[65523:13566519] Operation: ios18.erf, Device Usage: <MLNeuralEngineComputeDevice: 0x106d51aa0>, Estimated Cost: 0.000676
2026-09-08 17:08:52.534 Python[65523:13566519] Operation: ios18.add, Device Usage: <MLNeuralEngineComputeDevice: 0x106d51aa0>, Estimated Cost: 0.000686
2026-09-08 17:08:52.534 Python[65523:13566519] Operation: ios18.mul, Device Usage: <MLNeuralEngineComputeDevice: 0x106d51aa0>, Estimated Cost: 0.001148
2026-09-08 17:08:52.534 Python[65523:13566519] Operation: ios18.mul, Device Usage: <MLNeuralEngineComputeDevice: 0x106d51aa0>, Estimated Cost: 0.000574
2026-09-08 17:08:52.534 Python[65523:13566519] Operation: ios18.conv, Device Usage: <MLNeuralEngineComputeDevice: 0x106d51aa0>, Estimated Cost: 0.000918
2026-09-08 17:08:52.534 Python[65523:13566519] Operation: ios18.add, Device Usage: <MLNeuralEngineComputeDevice: 0x106d51aa0>, Estimated Cost: 0.000686
2026-09-08 17:08:52.534 Python[65523:13566519] Operation: ios18.conv, Device Usage: <MLNeuralEngineComputeDevice: 0x106d51aa0>, Estimated Cost: 0.000044
2026-09-08 17:08:52.534 Python[65523:13566519] Operation: ios18.conv, Device Usage: <MLNeuralEngineComputeDevice: 0x106d51aa0>, Estimated Cost: 0.000057
2026-09-08 17:08:52.534 Python[65523:13566519] Operation: ios18.add, Device Usage: <MLNeuralEngineComputeDevice: 0x106d51aa0>, Estimated Cost: 0.000686
2026-09-08 17:08:52.534 Python[65523:13566519] Operation: ios18.add, Device Usage: <MLNeuralEngineComputeDevice: 0x106d51aa0>, Estimated Cost: 0.000686
2026-09-08 17:08:52.534 Python[65523:13566519] Operation: ios18.batch_norm, Device Usage: <MLNeuralEngineComputeDevice: 0x106d51aa0>, Estimated Cost: 0.000338
2026-09-08 17:08:52.534 Python[65523:13566519] Operation: ios18.conv, Device Usage: <MLNeuralEngineComputeDevice: 0x106d51aa0>, Estimated Cost: 0.000919
2026-09-08 17:08:52.534 Python[65523:13566519] Operation: ios18.real_div, Device Usage: <MLNeuralEngineComputeDevice: 0x106d51aa0>, Estimated Cost: 0.000676
2026-09-08 17:08:52.534 Python[65523:13566519] Operation: ios18.erf, Device Usage: <MLNeuralEngineComputeDevice: 0x106d51aa0>, Estimated Cost: 0.000676
2026-09-08 17:08:52.534 Python[65523:13566519] Operation: ios18.add, Device Usage: <MLNeuralEngineComputeDevice: 0x106d51aa0>, Estimated Cost: 0.000686
2026-09-08 17:08:52.534 Python[65523:13566519] Operation: ios18.mul, Device Usage: <MLNeuralEngineComputeDevice: 0x106d51aa0>, Estimated Cost: 0.001148
2026-09-08 17:08:52.534 Python[65523:13566519] Operation: ios18.mul, Device Usage: <MLNeuralEngineComputeDevice: 0x106d51aa0>, Estimated Cost: 0.000574
2026-09-08 17:08:52.534 Python[65523:13566519] Operation: ios18.conv, Device Usage: <MLNeuralEngineComputeDevice: 0x106d51aa0>, Estimated Cost: 0.000918
2026-09-08 17:08:52.534 Python[65523:13566519] Operation: ios18.add, Device Usage: <MLNeuralEngineComputeDevice: 0x106d51aa0>, Estimated Cost: 0.000686
2026-09-08 17:08:52.534 Python[65523:13566519] Operation: ios18.conv, Device Usage: <MLNeuralEngineComputeDevice: 0x106d51aa0>, Estimated Cost: 0.000044
2026-09-08 17:08:52.534 Python[65523:13566519] Operation: ios18.conv, Device Usage: <MLNeuralEngineComputeDevice: 0x106d51aa0>, Estimated Cost: 0.000057
2026-09-08 17:08:52.534 Python[65523:13566519] Operation: ios18.add, Device Usage: <MLNeuralEngineComputeDevice: 0x106d51aa0>, Estimated Cost: 0.000686
2026-09-08 17:08:52.534 Python[65523:13566519] Operation: ios18.add, Device Usage: <MLNeuralEngineComputeDevice: 0x106d51aa0>, Estimated Cost: 0.000686
2026-09-08 17:08:52.534 Python[65523:13566519] Operation: ios18.batch_norm, Device Usage: <MLNeuralEngineComputeDevice: 0x106d51aa0>, Estimated Cost: 0.000338
2026-09-08 17:08:52.534 Python[65523:13566519] Operation: ios16.reduce_mean, Device Usage: <MLNeuralEngineComputeDevice: 0x106d51aa0>, Estimated Cost: 0.000170
2026-09-08 17:08:52.534 Python[65523:13566519] Operation: ios18.conv, Device Usage: <MLNeuralEngineComputeDevice: 0x106d51aa0>, Estimated Cost: 0.000012
2026-09-08 17:08:52.534 Python[65523:13566519] Operation: ios18.relu, Device Usage: <MLNeuralEngineComputeDevice: 0x106d51aa0>, Estimated Cost: 0.000000
2026-09-08 17:08:52.534 Python[65523:13566519] Operation: ios18.conv, Device Usage: <MLNeuralEngineComputeDevice: 0x106d51aa0>, Estimated Cost: 0.000012
2026-09-08 17:08:52.534 Python[65523:13566519] Operation: ios18.sigmoid, Device Usage: <MLNeuralEngineComputeDevice: 0x106d51aa0>, Estimated Cost: 0.000002
2026-09-08 17:08:52.534 Python[65523:13566519] Operation: ios18.mul, Device Usage: <MLNeuralEngineComputeDevice: 0x106d51aa0>, Estimated Cost: 0.000289
2026-09-08 17:08:52.534 Python[65523:13566519] Operation: ios18.conv, Device Usage: <MLNeuralEngineComputeDevice: 0x106d51aa0>, Estimated Cost: 0.000919
2026-09-08 17:08:52.534 Python[65523:13566519] Operation: ios18.real_div, Device Usage: <MLNeuralEngineComputeDevice: 0x106d51aa0>, Estimated Cost: 0.000676
2026-09-08 17:08:52.534 Python[65523:13566519] Operation: ios18.erf, Device Usage: <MLNeuralEngineComputeDevice: 0x106d51aa0>, Estimated Cost: 0.000676
2026-09-08 17:08:52.534 Python[65523:13566519] Operation: ios18.add, Device Usage: <MLNeuralEngineComputeDevice: 0x106d51aa0>, Estimated Cost: 0.000686
2026-09-08 17:08:52.534 Python[65523:13566519] Operation: ios18.mul, Device Usage: <MLNeuralEngineComputeDevice: 0x106d51aa0>, Estimated Cost: 0.001148
2026-09-08 17:08:52.534 Python[65523:13566519] Operation: ios18.mul, Device Usage: <MLNeuralEngineComputeDevice: 0x106d51aa0>, Estimated Cost: 0.000574
2026-09-08 17:08:52.534 Python[65523:13566519] Operation: ios18.conv, Device Usage: <MLNeuralEngineComputeDevice: 0x106d51aa0>, Estimated Cost: 0.000918
2026-09-08 17:08:52.534 Python[65523:13566519] Operation: ios18.add, Device Usage: <MLNeuralEngineComputeDevice: 0x106d51aa0>, Estimated Cost: 0.000686
2026-09-08 17:08:52.534 Python[65523:13566519] Operation: ios18.conv, Device Usage: <MLNeuralEngineComputeDevice: 0x106d51aa0>, Estimated Cost: 0.000044
2026-09-08 17:08:52.534 Python[65523:13566519] Operation: ios18.conv, Device Usage: <MLNeuralEngineComputeDevice: 0x106d51aa0>, Estimated Cost: 0.000057
2026-09-08 17:08:52.534 Python[65523:13566519] Operation: ios18.add, Device Usage: <MLNeuralEngineComputeDevice: 0x106d51aa0>, Estimated Cost: 0.000686
2026-09-08 17:08:52.534 Python[65523:13566519] Operation: ios18.add, Device Usage: <MLNeuralEngineComputeDevice: 0x106d51aa0>, Estimated Cost: 0.000686
2026-09-08 17:08:52.534 Python[65523:13566519] Operation: ios18.batch_norm, Device Usage: <MLNeuralEngineComputeDevice: 0x106d51aa0>, Estimated Cost: 0.000338
2026-09-08 17:08:52.534 Python[65523:13566519] Operation: ios18.conv, Device Usage: <MLNeuralEngineComputeDevice: 0x106d51aa0>, Estimated Cost: 0.000919
2026-09-08 17:08:52.534 Python[65523:13566519] Operation: ios18.real_div, Device Usage: <MLNeuralEngineComputeDevice: 0x106d51aa0>, Estimated Cost: 0.000676
2026-09-08 17:08:52.534 Python[65523:13566519] Operation: ios18.erf, Device Usage: <MLNeuralEngineComputeDevice: 0x106d51aa0>, Estimated Cost: 0.000676
2026-09-08 17:08:52.534 Python[65523:13566519] Operation: ios18.add, Device Usage: <MLNeuralEngineComputeDevice: 0x106d51aa0>, Estimated Cost: 0.000686
2026-09-08 17:08:52.534 Python[65523:13566519] Operation: ios18.mul, Device Usage: <MLNeuralEngineComputeDevice: 0x106d51aa0>, Estimated Cost: 0.001148
2026-09-08 17:08:52.534 Python[65523:13566519] Operation: ios18.mul, Device Usage: <MLNeuralEngineComputeDevice: 0x106d51aa0>, Estimated Cost: 0.000574
2026-09-08 17:08:52.534 Python[65523:13566519] Operation: ios18.conv, Device Usage: <MLNeuralEngineComputeDevice: 0x106d51aa0>, Estimated Cost: 0.000918
2026-09-08 17:08:52.534 Python[65523:13566519] Operation: ios18.add, Device Usage: <MLNeuralEngineComputeDevice: 0x106d51aa0>, Estimated Cost: 0.000686
2026-09-08 17:08:52.534 Python[65523:13566519] Operation: ios18.conv, Device Usage: <MLNeuralEngineComputeDevice: 0x106d51aa0>, Estimated Cost: 0.000044
2026-09-08 17:08:52.534 Python[65523:13566519] Operation: ios18.conv, Device Usage: <MLNeuralEngineComputeDevice: 0x106d51aa0>, Estimated Cost: 0.000057
2026-09-08 17:08:52.534 Python[65523:13566519] Operation: ios18.add, Device Usage: <MLNeuralEngineComputeDevice: 0x106d51aa0>, Estimated Cost: 0.000686
2026-09-08 17:08:52.534 Python[65523:13566519] Operation: ios18.add, Device Usage: <MLNeuralEngineComputeDevice: 0x106d51aa0>, Estimated Cost: 0.000686
2026-09-08 17:08:52.534 Python[65523:13566519] Operation: ios18.batch_norm, Device Usage: <MLNeuralEngineComputeDevice: 0x106d51aa0>, Estimated Cost: 0.000338
2026-09-08 17:08:52.535 Python[65523:13566519] Operation: ios16.reduce_mean, Device Usage: <MLNeuralEngineComputeDevice: 0x106d51aa0>, Estimated Cost: 0.000170
2026-09-08 17:08:52.535 Python[65523:13566519] Operation: ios18.conv, Device Usage: <MLNeuralEngineComputeDevice: 0x106d51aa0>, Estimated Cost: 0.000012
2026-09-08 17:08:52.535 Python[65523:13566519] Operation: ios18.relu, Device Usage: <MLNeuralEngineComputeDevice: 0x106d51aa0>, Estimated Cost: 0.000000
2026-09-08 17:08:52.535 Python[65523:13566519] Operation: ios18.conv, Device Usage: <MLNeuralEngineComputeDevice: 0x106d51aa0>, Estimated Cost: 0.000012
2026-09-08 17:08:52.535 Python[65523:13566519] Operation: ios18.sigmoid, Device Usage: <MLNeuralEngineComputeDevice: 0x106d51aa0>, Estimated Cost: 0.000002
2026-09-08 17:08:52.535 Python[65523:13566519] Operation: ios18.mul, Device Usage: <MLNeuralEngineComputeDevice: 0x106d51aa0>, Estimated Cost: 0.000289
2026-09-08 17:08:52.535 Python[65523:13566519] Operation: ios18.conv, Device Usage: <MLNeuralEngineComputeDevice: 0x106d51aa0>, Estimated Cost: 0.000919
2026-09-08 17:08:52.535 Python[65523:13566519] Operation: ios18.real_div, Device Usage: <MLNeuralEngineComputeDevice: 0x106d51aa0>, Estimated Cost: 0.000676
2026-09-08 17:08:52.535 Python[65523:13566519] Operation: ios18.erf, Device Usage: <MLNeuralEngineComputeDevice: 0x106d51aa0>, Estimated Cost: 0.000676
2026-09-08 17:08:52.535 Python[65523:13566519] Operation: ios18.add, Device Usage: <MLNeuralEngineComputeDevice: 0x106d51aa0>, Estimated Cost: 0.000686
2026-09-08 17:08:52.535 Python[65523:13566519] Operation: ios18.mul, Device Usage: <MLNeuralEngineComputeDevice: 0x106d51aa0>, Estimated Cost: 0.001148
2026-09-08 17:08:52.535 Python[65523:13566519] Operation: ios18.mul, Device Usage: <MLNeuralEngineComputeDevice: 0x106d51aa0>, Estimated Cost: 0.000574
2026-09-08 17:08:52.535 Python[65523:13566519] Operation: ios18.conv, Device Usage: <MLNeuralEngineComputeDevice: 0x106d51aa0>, Estimated Cost: 0.000918
2026-09-08 17:08:52.535 Python[65523:13566519] Operation: ios18.add, Device Usage: <MLNeuralEngineComputeDevice: 0x106d51aa0>, Estimated Cost: 0.000686
2026-09-08 17:08:52.535 Python[65523:13566519] Operation: ios18.conv, Device Usage: <MLNeuralEngineComputeDevice: 0x106d51aa0>, Estimated Cost: 0.000044
2026-09-08 17:08:52.535 Python[65523:13566519] Operation: ios18.conv, Device Usage: <MLNeuralEngineComputeDevice: 0x106d51aa0>, Estimated Cost: 0.000057
2026-09-08 17:08:52.535 Python[65523:13566519] Operation: ios18.add, Device Usage: <MLNeuralEngineComputeDevice: 0x106d51aa0>, Estimated Cost: 0.000686
2026-09-08 17:08:52.535 Python[65523:13566519] Operation: ios18.add, Device Usage: <MLNeuralEngineComputeDevice: 0x106d51aa0>, Estimated Cost: 0.000686
2026-09-08 17:08:52.535 Python[65523:13566519] Operation: ios18.batch_norm, Device Usage: <MLNeuralEngineComputeDevice: 0x106d51aa0>, Estimated Cost: 0.000338
2026-09-08 17:08:52.535 Python[65523:13566519] Operation: ios18.conv, Device Usage: <MLNeuralEngineComputeDevice: 0x106d51aa0>, Estimated Cost: 0.000919
2026-09-08 17:08:52.535 Python[65523:13566519] Operation: ios18.real_div, Device Usage: <MLNeuralEngineComputeDevice: 0x106d51aa0>, Estimated Cost: 0.000676
2026-09-08 17:08:52.535 Python[65523:13566519] Operation: ios18.erf, Device Usage: <MLNeuralEngineComputeDevice: 0x106d51aa0>, Estimated Cost: 0.000676
2026-09-08 17:08:52.535 Python[65523:13566519] Operation: ios18.add, Device Usage: <MLNeuralEngineComputeDevice: 0x106d51aa0>, Estimated Cost: 0.000686
2026-09-08 17:08:52.535 Python[65523:13566519] Operation: ios18.mul, Device Usage: <MLNeuralEngineComputeDevice: 0x106d51aa0>, Estimated Cost: 0.001148
2026-09-08 17:08:52.535 Python[65523:13566519] Operation: ios18.mul, Device Usage: <MLNeuralEngineComputeDevice: 0x106d51aa0>, Estimated Cost: 0.000574
2026-09-08 17:08:52.535 Python[65523:13566519] Operation: ios18.conv, Device Usage: <MLNeuralEngineComputeDevice: 0x106d51aa0>, Estimated Cost: 0.000918
2026-09-08 17:08:52.535 Python[65523:13566519] Operation: ios18.add, Device Usage: <MLNeuralEngineComputeDevice: 0x106d51aa0>, Estimated Cost: 0.000686
2026-09-08 17:08:52.535 Python[65523:13566519] Operation: ios18.conv, Device Usage: <MLNeuralEngineComputeDevice: 0x106d51aa0>, Estimated Cost: 0.000044
2026-09-08 17:08:52.535 Python[65523:13566519] Operation: ios18.conv, Device Usage: <MLNeuralEngineComputeDevice: 0x106d51aa0>, Estimated Cost: 0.000057
2026-09-08 17:08:52.535 Python[65523:13566519] Operation: ios18.add, Device Usage: <MLNeuralEngineComputeDevice: 0x106d51aa0>, Estimated Cost: 0.000686
2026-09-08 17:08:52.535 Python[65523:13566519] Operation: ios18.add, Device Usage: <MLNeuralEngineComputeDevice: 0x106d51aa0>, Estimated Cost: 0.000686
2026-09-08 17:08:52.535 Python[65523:13566519] Operation: ios18.batch_norm, Device Usage: <MLNeuralEngineComputeDevice: 0x106d51aa0>, Estimated Cost: 0.000338
2026-09-08 17:08:52.535 Python[65523:13566519] Operation: ios16.reduce_mean, Device Usage: <MLNeuralEngineComputeDevice: 0x106d51aa0>, Estimated Cost: 0.000170
2026-09-08 17:08:52.535 Python[65523:13566519] Operation: ios18.conv, Device Usage: <MLNeuralEngineComputeDevice: 0x106d51aa0>, Estimated Cost: 0.000012
2026-09-08 17:08:52.535 Python[65523:13566519] Operation: ios18.relu, Device Usage: <MLNeuralEngineComputeDevice: 0x106d51aa0>, Estimated Cost: 0.000000
2026-09-08 17:08:52.535 Python[65523:13566519] Operation: ios18.conv, Device Usage: <MLNeuralEngineComputeDevice: 0x106d51aa0>, Estimated Cost: 0.000012
2026-09-08 17:08:52.535 Python[65523:13566519] Operation: ios18.sigmoid, Device Usage: <MLNeuralEngineComputeDevice: 0x106d51aa0>, Estimated Cost: 0.000002
2026-09-08 17:08:52.535 Python[65523:13566519] Operation: ios18.mul, Device Usage: <MLNeuralEngineComputeDevice: 0x106d51aa0>, Estimated Cost: 0.000289
2026-09-08 17:08:52.535 Python[65523:13566519] Operation: ios18.conv, Device Usage: <MLNeuralEngineComputeDevice: 0x106d51aa0>, Estimated Cost: 0.000919
2026-09-08 17:08:52.535 Python[65523:13566519] Operation: ios18.real_div, Device Usage: <MLNeuralEngineComputeDevice: 0x106d51aa0>, Estimated Cost: 0.000676
2026-09-08 17:08:52.535 Python[65523:13566519] Operation: ios18.erf, Device Usage: <MLNeuralEngineComputeDevice: 0x106d51aa0>, Estimated Cost: 0.000676
2026-09-08 17:08:52.535 Python[65523:13566519] Operation: ios18.add, Device Usage: <MLNeuralEngineComputeDevice: 0x106d51aa0>, Estimated Cost: 0.000686
2026-09-08 17:08:52.535 Python[65523:13566519] Operation: ios18.mul, Device Usage: <MLNeuralEngineComputeDevice: 0x106d51aa0>, Estimated Cost: 0.001148
2026-09-08 17:08:52.535 Python[65523:13566519] Operation: ios18.mul, Device Usage: <MLNeuralEngineComputeDevice: 0x106d51aa0>, Estimated Cost: 0.000574
2026-09-08 17:08:52.535 Python[65523:13566519] Operation: ios18.conv, Device Usage: <MLNeuralEngineComputeDevice: 0x106d51aa0>, Estimated Cost: 0.000918
2026-09-08 17:08:52.535 Python[65523:13566519] Operation: ios18.add, Device Usage: <MLNeuralEngineComputeDevice: 0x106d51aa0>, Estimated Cost: 0.000686
2026-09-08 17:08:52.535 Python[65523:13566519] Operation: ios18.conv, Device Usage: <MLNeuralEngineComputeDevice: 0x106d51aa0>, Estimated Cost: 0.000044
2026-09-08 17:08:52.535 Python[65523:13566519] Operation: ios18.conv, Device Usage: <MLNeuralEngineComputeDevice: 0x106d51aa0>, Estimated Cost: 0.000057
2026-09-08 17:08:52.535 Python[65523:13566519] Operation: ios18.add, Device Usage: <MLNeuralEngineComputeDevice: 0x106d51aa0>, Estimated Cost: 0.000686
2026-09-08 17:08:52.535 Python[65523:13566519] Operation: ios18.add, Device Usage: <MLNeuralEngineComputeDevice: 0x106d51aa0>, Estimated Cost: 0.000686
2026-09-08 17:08:52.535 Python[65523:13566519] Operation: ios18.batch_norm, Device Usage: <MLNeuralEngineComputeDevice: 0x106d51aa0>, Estimated Cost: 0.000338
2026-09-08 17:08:52.535 Python[65523:13566519] Operation: ios18.conv, Device Usage: <MLNeuralEngineComputeDevice: 0x106d51aa0>, Estimated Cost: 0.000919
2026-09-08 17:08:52.535 Python[65523:13566519] Operation: ios18.real_div, Device Usage: <MLNeuralEngineComputeDevice: 0x106d51aa0>, Estimated Cost: 0.000676
2026-09-08 17:08:52.535 Python[65523:13566519] Operation: ios18.erf, Device Usage: <MLNeuralEngineComputeDevice: 0x106d51aa0>, Estimated Cost: 0.000676
2026-09-08 17:08:52.535 Python[65523:13566519] Operation: ios18.add, Device Usage: <MLNeuralEngineComputeDevice: 0x106d51aa0>, Estimated Cost: 0.000686
2026-09-08 17:08:52.535 Python[65523:13566519] Operation: ios18.mul, Device Usage: <MLNeuralEngineComputeDevice: 0x106d51aa0>, Estimated Cost: 0.001148
2026-09-08 17:08:52.535 Python[65523:13566519] Operation: ios18.mul, Device Usage: <MLNeuralEngineComputeDevice: 0x106d51aa0>, Estimated Cost: 0.000574
2026-09-08 17:08:52.535 Python[65523:13566519] Operation: ios18.conv, Device Usage: <MLNeuralEngineComputeDevice: 0x106d51aa0>, Estimated Cost: 0.000918
2026-09-08 17:08:52.535 Python[65523:13566519] Operation: ios18.add, Device Usage: <MLNeuralEngineComputeDevice: 0x106d51aa0>, Estimated Cost: 0.000686
2026-09-08 17:08:52.535 Python[65523:13566519] Operation: ios18.conv, Device Usage: <MLNeuralEngineComputeDevice: 0x106d51aa0>, Estimated Cost: 0.000044
2026-09-08 17:08:52.535 Python[65523:13566519] Operation: ios18.conv, Device Usage: <MLNeuralEngineComputeDevice: 0x106d51aa0>, Estimated Cost: 0.000057
2026-09-08 17:08:52.535 Python[65523:13566519] Operation: ios18.add, Device Usage: <MLNeuralEngineComputeDevice: 0x106d51aa0>, Estimated Cost: 0.000686
2026-09-08 17:08:52.535 Python[65523:13566519] Operation: ios18.add, Device Usage: <MLNeuralEngineComputeDevice: 0x106d51aa0>, Estimated Cost: 0.000686
2026-09-08 17:08:52.535 Python[65523:13566519] Operation: ios18.batch_norm, Device Usage: <MLNeuralEngineComputeDevice: 0x106d51aa0>, Estimated Cost: 0.000338
2026-09-08 17:08:52.535 Python[65523:13566519] Operation: ios16.reduce_mean, Device Usage: <MLNeuralEngineComputeDevice: 0x106d51aa0>, Estimated Cost: 0.000170
2026-09-08 17:08:52.535 Python[65523:13566519] Operation: ios18.conv, Device Usage: <MLNeuralEngineComputeDevice: 0x106d51aa0>, Estimated Cost: 0.000012
2026-09-08 17:08:52.535 Python[65523:13566519] Operation: ios18.relu, Device Usage: <MLNeuralEngineComputeDevice: 0x106d51aa0>, Estimated Cost: 0.000000
2026-09-08 17:08:52.535 Python[65523:13566519] Operation: ios18.conv, Device Usage: <MLNeuralEngineComputeDevice: 0x106d51aa0>, Estimated Cost: 0.000012
2026-09-08 17:08:52.535 Python[65523:13566519] Operation: ios18.sigmoid, Device Usage: <MLNeuralEngineComputeDevice: 0x106d51aa0>, Estimated Cost: 0.000002
2026-09-08 17:08:52.535 Python[65523:13566519] Operation: ios18.mul, Device Usage: <MLNeuralEngineComputeDevice: 0x106d51aa0>, Estimated Cost: 0.000289
2026-09-08 17:08:52.535 Python[65523:13566519] Operation: ios18.conv, Device Usage: <MLNeuralEngineComputeDevice: 0x106d51aa0>, Estimated Cost: 0.000919
2026-09-08 17:08:52.535 Python[65523:13566519] Operation: ios18.real_div, Device Usage: <MLNeuralEngineComputeDevice: 0x106d51aa0>, Estimated Cost: 0.000676
2026-09-08 17:08:52.535 Python[65523:13566519] Operation: ios18.erf, Device Usage: <MLNeuralEngineComputeDevice: 0x106d51aa0>, Estimated Cost: 0.000676
2026-09-08 17:08:52.535 Python[65523:13566519] Operation: ios18.add, Device Usage: <MLNeuralEngineComputeDevice: 0x106d51aa0>, Estimated Cost: 0.000686
2026-09-08 17:08:52.535 Python[65523:13566519] Operation: ios18.mul, Device Usage: <MLNeuralEngineComputeDevice: 0x106d51aa0>, Estimated Cost: 0.001148
2026-09-08 17:08:52.535 Python[65523:13566519] Operation: ios18.mul, Device Usage: <MLNeuralEngineComputeDevice: 0x106d51aa0>, Estimated Cost: 0.000574
2026-09-08 17:08:52.535 Python[65523:13566519] Operation: ios18.conv, Device Usage: <MLNeuralEngineComputeDevice: 0x106d51aa0>, Estimated Cost: 0.000918
2026-09-08 17:08:52.535 Python[65523:13566519] Operation: ios18.add, Device Usage: <MLNeuralEngineComputeDevice: 0x106d51aa0>, Estimated Cost: 0.000686
2026-09-08 17:08:52.535 Python[65523:13566519] Operation: ios18.conv, Device Usage: <MLNeuralEngineComputeDevice: 0x106d51aa0>, Estimated Cost: 0.000044
2026-09-08 17:08:52.535 Python[65523:13566519] Operation: ios18.conv, Device Usage: <MLNeuralEngineComputeDevice: 0x106d51aa0>, Estimated Cost: 0.000057
2026-09-08 17:08:52.535 Python[65523:13566519] Operation: ios18.add, Device Usage: <MLNeuralEngineComputeDevice: 0x106d51aa0>, Estimated Cost: 0.000686
2026-09-08 17:08:52.535 Python[65523:13566519] Operation: ios18.add, Device Usage: <MLNeuralEngineComputeDevice: 0x106d51aa0>, Estimated Cost: 0.000686
2026-09-08 17:08:52.535 Python[65523:13566519] Operation: ios18.batch_norm, Device Usage: <MLNeuralEngineComputeDevice: 0x106d51aa0>, Estimated Cost: 0.000338
2026-09-08 17:08:52.535 Python[65523:13566519] Operation: ios18.conv, Device Usage: <MLNeuralEngineComputeDevice: 0x106d51aa0>, Estimated Cost: 0.000919
2026-09-08 17:08:52.535 Python[65523:13566519] Operation: ios18.real_div, Device Usage: <MLNeuralEngineComputeDevice: 0x106d51aa0>, Estimated Cost: 0.000676
2026-09-08 17:08:52.535 Python[65523:13566519] Operation: ios18.erf, Device Usage: <MLNeuralEngineComputeDevice: 0x106d51aa0>, Estimated Cost: 0.000676
2026-09-08 17:08:52.535 Python[65523:13566519] Operation: ios18.add, Device Usage: <MLNeuralEngineComputeDevice: 0x106d51aa0>, Estimated Cost: 0.000686
2026-09-08 17:08:52.535 Python[65523:13566519] Operation: ios18.mul, Device Usage: <MLNeuralEngineComputeDevice: 0x106d51aa0>, Estimated Cost: 0.001148
2026-09-08 17:08:52.535 Python[65523:13566519] Operation: ios18.mul, Device Usage: <MLNeuralEngineComputeDevice: 0x106d51aa0>, Estimated Cost: 0.000574
2026-09-08 17:08:52.535 Python[65523:13566519] Operation: ios18.conv, Device Usage: <MLNeuralEngineComputeDevice: 0x106d51aa0>, Estimated Cost: 0.000918
2026-09-08 17:08:52.535 Python[65523:13566519] Operation: ios18.add, Device Usage: <MLNeuralEngineComputeDevice: 0x106d51aa0>, Estimated Cost: 0.000686
2026-09-08 17:08:52.535 Python[65523:13566519] Operation: ios18.conv, Device Usage: <MLNeuralEngineComputeDevice: 0x106d51aa0>, Estimated Cost: 0.000044
2026-09-08 17:08:52.535 Python[65523:13566519] Operation: ios18.conv, Device Usage: <MLNeuralEngineComputeDevice: 0x106d51aa0>, Estimated Cost: 0.000057
2026-09-08 17:08:52.535 Python[65523:13566519] Operation: ios18.add, Device Usage: <MLNeuralEngineComputeDevice: 0x106d51aa0>, Estimated Cost: 0.000686
2026-09-08 17:08:52.535 Python[65523:13566519] Operation: ios18.add, Device Usage: <MLNeuralEngineComputeDevice: 0x106d51aa0>, Estimated Cost: 0.000686
2026-09-08 17:08:52.535 Python[65523:13566519] Operation: ios18.batch_norm, Device Usage: <MLNeuralEngineComputeDevice: 0x106d51aa0>, Estimated Cost: 0.000338
2026-09-08 17:08:52.535 Python[65523:13566519] Operation: ios16.reduce_mean, Device Usage: <MLNeuralEngineComputeDevice: 0x106d51aa0>, Estimated Cost: 0.000170
2026-09-08 17:08:52.535 Python[65523:13566519] Operation: ios18.conv, Device Usage: <MLNeuralEngineComputeDevice: 0x106d51aa0>, Estimated Cost: 0.000012
2026-09-08 17:08:52.535 Python[65523:13566519] Operation: ios18.relu, Device Usage: <MLNeuralEngineComputeDevice: 0x106d51aa0>, Estimated Cost: 0.000000
2026-09-08 17:08:52.535 Python[65523:13566519] Operation: ios18.conv, Device Usage: <MLNeuralEngineComputeDevice: 0x106d51aa0>, Estimated Cost: 0.000012
2026-09-08 17:08:52.535 Python[65523:13566519] Operation: ios18.sigmoid, Device Usage: <MLNeuralEngineComputeDevice: 0x106d51aa0>, Estimated Cost: 0.000002
2026-09-08 17:08:52.535 Python[65523:13566519] Operation: ios18.mul, Device Usage: <MLNeuralEngineComputeDevice: 0x106d51aa0>, Estimated Cost: 0.000289
2026-09-08 17:08:52.535 Python[65523:13566519] Operation: ios18.conv, Device Usage: <MLNeuralEngineComputeDevice: 0x106d51aa0>, Estimated Cost: 0.000919
2026-09-08 17:08:52.535 Python[65523:13566519] Operation: ios18.real_div, Device Usage: <MLNeuralEngineComputeDevice: 0x106d51aa0>, Estimated Cost: 0.000676
2026-09-08 17:08:52.535 Python[65523:13566519] Operation: ios18.erf, Device Usage: <MLNeuralEngineComputeDevice: 0x106d51aa0>, Estimated Cost: 0.000676
2026-09-08 17:08:52.535 Python[65523:13566519] Operation: ios18.add, Device Usage: <MLNeuralEngineComputeDevice: 0x106d51aa0>, Estimated Cost: 0.000686
2026-09-08 17:08:52.535 Python[65523:13566519] Operation: ios18.mul, Device Usage: <MLNeuralEngineComputeDevice: 0x106d51aa0>, Estimated Cost: 0.001148
2026-09-08 17:08:52.535 Python[65523:13566519] Operation: ios18.mul, Device Usage: <MLNeuralEngineComputeDevice: 0x106d51aa0>, Estimated Cost: 0.000574
2026-09-08 17:08:52.535 Python[65523:13566519] Operation: ios18.conv, Device Usage: <MLNeuralEngineComputeDevice: 0x106d51aa0>, Estimated Cost: 0.000918
2026-09-08 17:08:52.535 Python[65523:13566519] Operation: ios18.add, Device Usage: <MLNeuralEngineComputeDevice: 0x106d51aa0>, Estimated Cost: 0.000686
2026-09-08 17:08:52.535 Python[65523:13566519] Operation: ios18.conv, Device Usage: <MLNeuralEngineComputeDevice: 0x106d51aa0>, Estimated Cost: 0.000044
2026-09-08 17:08:52.536 Python[65523:13566519] Operation: ios18.conv, Device Usage: <MLNeuralEngineComputeDevice: 0x106d51aa0>, Estimated Cost: 0.000057
2026-09-08 17:08:52.536 Python[65523:13566519] Operation: ios18.add, Device Usage: <MLNeuralEngineComputeDevice: 0x106d51aa0>, Estimated Cost: 0.000686
2026-09-08 17:08:52.536 Python[65523:13566519] Operation: ios18.add, Device Usage: <MLNeuralEngineComputeDevice: 0x106d51aa0>, Estimated Cost: 0.000686
2026-09-08 17:08:52.536 Python[65523:13566519] Operation: ios18.batch_norm, Device Usage: <MLNeuralEngineComputeDevice: 0x106d51aa0>, Estimated Cost: 0.000338
2026-09-08 17:08:52.536 Python[65523:13566519] Operation: ios18.conv, Device Usage: <MLNeuralEngineComputeDevice: 0x106d51aa0>, Estimated Cost: 0.000919
2026-09-08 17:08:52.536 Python[65523:13566519] Operation: ios18.real_div, Device Usage: <MLNeuralEngineComputeDevice: 0x106d51aa0>, Estimated Cost: 0.000676
2026-09-08 17:08:52.536 Python[65523:13566519] Operation: ios18.erf, Device Usage: <MLNeuralEngineComputeDevice: 0x106d51aa0>, Estimated Cost: 0.000676
2026-09-08 17:08:52.536 Python[65523:13566519] Operation: ios18.add, Device Usage: <MLNeuralEngineComputeDevice: 0x106d51aa0>, Estimated Cost: 0.000686
2026-09-08 17:08:52.536 Python[65523:13566519] Operation: ios18.mul, Device Usage: <MLNeuralEngineComputeDevice: 0x106d51aa0>, Estimated Cost: 0.001148
2026-09-08 17:08:52.536 Python[65523:13566519] Operation: ios18.mul, Device Usage: <MLNeuralEngineComputeDevice: 0x106d51aa0>, Estimated Cost: 0.000574
2026-09-08 17:08:52.536 Python[65523:13566519] Operation: ios18.conv, Device Usage: <MLNeuralEngineComputeDevice: 0x106d51aa0>, Estimated Cost: 0.000918
2026-09-08 17:08:52.536 Python[65523:13566519] Operation: ios18.add, Device Usage: <MLNeuralEngineComputeDevice: 0x106d51aa0>, Estimated Cost: 0.000686
2026-09-08 17:08:52.536 Python[65523:13566519] Operation: ios18.conv, Device Usage: <MLNeuralEngineComputeDevice: 0x106d51aa0>, Estimated Cost: 0.000044
2026-09-08 17:08:52.536 Python[65523:13566519] Operation: ios18.conv, Device Usage: <MLNeuralEngineComputeDevice: 0x106d51aa0>, Estimated Cost: 0.000057
2026-09-08 17:08:52.536 Python[65523:13566519] Operation: ios18.add, Device Usage: <MLNeuralEngineComputeDevice: 0x106d51aa0>, Estimated Cost: 0.000686
2026-09-08 17:08:52.536 Python[65523:13566519] Operation: ios18.add, Device Usage: <MLNeuralEngineComputeDevice: 0x106d51aa0>, Estimated Cost: 0.000686
2026-09-08 17:08:52.536 Python[65523:13566519] Operation: ios18.batch_norm, Device Usage: <MLNeuralEngineComputeDevice: 0x106d51aa0>, Estimated Cost: 0.000338
2026-09-08 17:08:52.536 Python[65523:13566519] Operation: ios16.reduce_mean, Device Usage: <MLNeuralEngineComputeDevice: 0x106d51aa0>, Estimated Cost: 0.000170
2026-09-08 17:08:52.536 Python[65523:13566519] Operation: ios18.conv, Device Usage: <MLNeuralEngineComputeDevice: 0x106d51aa0>, Estimated Cost: 0.000012
2026-09-08 17:08:52.536 Python[65523:13566519] Operation: ios18.relu, Device Usage: <MLNeuralEngineComputeDevice: 0x106d51aa0>, Estimated Cost: 0.000000
2026-09-08 17:08:52.536 Python[65523:13566519] Operation: ios18.conv, Device Usage: <MLNeuralEngineComputeDevice: 0x106d51aa0>, Estimated Cost: 0.000012
2026-09-08 17:08:52.536 Python[65523:13566519] Operation: ios18.sigmoid, Device Usage: <MLNeuralEngineComputeDevice: 0x106d51aa0>, Estimated Cost: 0.000002
2026-09-08 17:08:52.536 Python[65523:13566519] Operation: ios18.mul, Device Usage: <MLNeuralEngineComputeDevice: 0x106d51aa0>, Estimated Cost: 0.000289
2026-09-08 17:08:52.536 Python[65523:13566519] Operation: ios18.conv, Device Usage: <MLNeuralEngineComputeDevice: 0x106d51aa0>, Estimated Cost: 0.000919
2026-09-08 17:08:52.536 Python[65523:13566519] Operation: ios18.real_div, Device Usage: <MLNeuralEngineComputeDevice: 0x106d51aa0>, Estimated Cost: 0.000676
2026-09-08 17:08:52.536 Python[65523:13566519] Operation: ios18.erf, Device Usage: <MLNeuralEngineComputeDevice: 0x106d51aa0>, Estimated Cost: 0.000676
2026-09-08 17:08:52.536 Python[65523:13566519] Operation: ios18.add, Device Usage: <MLNeuralEngineComputeDevice: 0x106d51aa0>, Estimated Cost: 0.000686
2026-09-08 17:08:52.536 Python[65523:13566519] Operation: ios18.mul, Device Usage: <MLNeuralEngineComputeDevice: 0x106d51aa0>, Estimated Cost: 0.001148
2026-09-08 17:08:52.536 Python[65523:13566519] Operation: ios18.mul, Device Usage: <MLNeuralEngineComputeDevice: 0x106d51aa0>, Estimated Cost: 0.000574
2026-09-08 17:08:52.536 Python[65523:13566519] Operation: ios18.conv, Device Usage: <MLNeuralEngineComputeDevice: 0x106d51aa0>, Estimated Cost: 0.000918
2026-09-08 17:08:52.536 Python[65523:13566519] Operation: ios18.add, Device Usage: <MLNeuralEngineComputeDevice: 0x106d51aa0>, Estimated Cost: 0.000686
2026-09-08 17:08:52.536 Python[65523:13566519] Operation: ios18.conv, Device Usage: <MLNeuralEngineComputeDevice: 0x106d51aa0>, Estimated Cost: 0.000044
2026-09-08 17:08:52.536 Python[65523:13566519] Operation: ios18.conv, Device Usage: <MLNeuralEngineComputeDevice: 0x106d51aa0>, Estimated Cost: 0.000057
2026-09-08 17:08:52.536 Python[65523:13566519] Operation: ios18.add, Device Usage: <MLNeuralEngineComputeDevice: 0x106d51aa0>, Estimated Cost: 0.000686
2026-09-08 17:08:52.536 Python[65523:13566519] Operation: ios18.add, Device Usage: <MLNeuralEngineComputeDevice: 0x106d51aa0>, Estimated Cost: 0.000686
2026-09-08 17:08:52.536 Python[65523:13566519] Operation: ios18.batch_norm, Device Usage: <MLNeuralEngineComputeDevice: 0x106d51aa0>, Estimated Cost: 0.000338
2026-09-08 17:08:52.536 Python[65523:13566519] Operation: ios18.conv, Device Usage: <MLNeuralEngineComputeDevice: 0x106d51aa0>, Estimated Cost: 0.000919
2026-09-08 17:08:52.536 Python[65523:13566519] Operation: ios18.real_div, Device Usage: <MLNeuralEngineComputeDevice: 0x106d51aa0>, Estimated Cost: 0.000676
2026-09-08 17:08:52.536 Python[65523:13566519] Operation: ios18.erf, Device Usage: <MLNeuralEngineComputeDevice: 0x106d51aa0>, Estimated Cost: 0.000676
2026-09-08 17:08:52.536 Python[65523:13566519] Operation: ios18.add, Device Usage: <MLNeuralEngineComputeDevice: 0x106d51aa0>, Estimated Cost: 0.000686
2026-09-08 17:08:52.536 Python[65523:13566519] Operation: ios18.mul, Device Usage: <MLNeuralEngineComputeDevice: 0x106d51aa0>, Estimated Cost: 0.001148
2026-09-08 17:08:52.536 Python[65523:13566519] Operation: ios18.mul, Device Usage: <MLNeuralEngineComputeDevice: 0x106d51aa0>, Estimated Cost: 0.000574
2026-09-08 17:08:52.536 Python[65523:13566519] Operation: ios18.conv, Device Usage: <MLNeuralEngineComputeDevice: 0x106d51aa0>, Estimated Cost: 0.000918
2026-09-08 17:08:52.536 Python[65523:13566519] Operation: ios18.add, Device Usage: <MLNeuralEngineComputeDevice: 0x106d51aa0>, Estimated Cost: 0.000686
2026-09-08 17:08:52.536 Python[65523:13566519] Operation: ios18.conv, Device Usage: <MLNeuralEngineComputeDevice: 0x106d51aa0>, Estimated Cost: 0.000044
2026-09-08 17:08:52.536 Python[65523:13566519] Operation: ios18.conv, Device Usage: <MLNeuralEngineComputeDevice: 0x106d51aa0>, Estimated Cost: 0.000057
2026-09-08 17:08:52.536 Python[65523:13566519] Operation: ios18.add, Device Usage: <MLNeuralEngineComputeDevice: 0x106d51aa0>, Estimated Cost: 0.000686
2026-09-08 17:08:52.536 Python[65523:13566519] Operation: ios18.add, Device Usage: <MLNeuralEngineComputeDevice: 0x106d51aa0>, Estimated Cost: 0.000686
2026-09-08 17:08:52.536 Python[65523:13566519] Operation: ios18.batch_norm, Device Usage: <MLNeuralEngineComputeDevice: 0x106d51aa0>, Estimated Cost: 0.000338
2026-09-08 17:08:52.536 Python[65523:13566519] Operation: ios16.reduce_mean, Device Usage: <MLNeuralEngineComputeDevice: 0x106d51aa0>, Estimated Cost: 0.000170
2026-09-08 17:08:52.536 Python[65523:13566519] Operation: ios18.conv, Device Usage: <MLNeuralEngineComputeDevice: 0x106d51aa0>, Estimated Cost: 0.000012
2026-09-08 17:08:52.536 Python[65523:13566519] Operation: ios18.relu, Device Usage: <MLNeuralEngineComputeDevice: 0x106d51aa0>, Estimated Cost: 0.000000
2026-09-08 17:08:52.536 Python[65523:13566519] Operation: ios18.conv, Device Usage: <MLNeuralEngineComputeDevice: 0x106d51aa0>, Estimated Cost: 0.000012
2026-09-08 17:08:52.536 Python[65523:13566519] Operation: ios18.sigmoid, Device Usage: <MLNeuralEngineComputeDevice: 0x106d51aa0>, Estimated Cost: 0.000002
2026-09-08 17:08:52.536 Python[65523:13566519] Operation: ios18.mul, Device Usage: <MLNeuralEngineComputeDevice: 0x106d51aa0>, Estimated Cost: 0.000289
2026-09-08 17:08:52.536 Python[65523:13566519] Operation: ios18.conv, Device Usage: <MLNeuralEngineComputeDevice: 0x106d51aa0>, Estimated Cost: 0.000919
2026-09-08 17:08:52.536 Python[65523:13566519] Operation: ios18.real_div, Device Usage: <MLNeuralEngineComputeDevice: 0x106d51aa0>, Estimated Cost: 0.000676
2026-09-08 17:08:52.536 Python[65523:13566519] Operation: ios18.erf, Device Usage: <MLNeuralEngineComputeDevice: 0x106d51aa0>, Estimated Cost: 0.000676
2026-09-08 17:08:52.536 Python[65523:13566519] Operation: ios18.add, Device Usage: <MLNeuralEngineComputeDevice: 0x106d51aa0>, Estimated Cost: 0.000686
2026-09-08 17:08:52.536 Python[65523:13566519] Operation: ios18.mul, Device Usage: <MLNeuralEngineComputeDevice: 0x106d51aa0>, Estimated Cost: 0.001148
2026-09-08 17:08:52.536 Python[65523:13566519] Operation: ios18.mul, Device Usage: <MLNeuralEngineComputeDevice: 0x106d51aa0>, Estimated Cost: 0.000574
2026-09-08 17:08:52.536 Python[65523:13566519] Operation: ios18.conv, Device Usage: <MLNeuralEngineComputeDevice: 0x106d51aa0>, Estimated Cost: 0.000918
2026-09-08 17:08:52.536 Python[65523:13566519] Operation: ios18.add, Device Usage: <MLNeuralEngineComputeDevice: 0x106d51aa0>, Estimated Cost: 0.000686
2026-09-08 17:08:52.536 Python[65523:13566519] Operation: ios18.conv, Device Usage: <MLNeuralEngineComputeDevice: 0x106d51aa0>, Estimated Cost: 0.000044
2026-09-08 17:08:52.536 Python[65523:13566519] Operation: ios18.conv, Device Usage: <MLNeuralEngineComputeDevice: 0x106d51aa0>, Estimated Cost: 0.000057
2026-09-08 17:08:52.536 Python[65523:13566519] Operation: ios18.add, Device Usage: <MLNeuralEngineComputeDevice: 0x106d51aa0>, Estimated Cost: 0.000686
2026-09-08 17:08:52.536 Python[65523:13566519] Operation: ios18.add, Device Usage: <MLNeuralEngineComputeDevice: 0x106d51aa0>, Estimated Cost: 0.000686
2026-09-08 17:08:52.536 Python[65523:13566519] Operation: ios18.batch_norm, Device Usage: <MLNeuralEngineComputeDevice: 0x106d51aa0>, Estimated Cost: 0.000338
2026-09-08 17:08:52.536 Python[65523:13566519] Operation: ios18.conv, Device Usage: <MLNeuralEngineComputeDevice: 0x106d51aa0>, Estimated Cost: 0.000919
2026-09-08 17:08:52.536 Python[65523:13566519] Operation: ios18.real_div, Device Usage: <MLNeuralEngineComputeDevice: 0x106d51aa0>, Estimated Cost: 0.000676
2026-09-08 17:08:52.536 Python[65523:13566519] Operation: ios18.erf, Device Usage: <MLNeuralEngineComputeDevice: 0x106d51aa0>, Estimated Cost: 0.000676
2026-09-08 17:08:52.536 Python[65523:13566519] Operation: ios18.add, Device Usage: <MLNeuralEngineComputeDevice: 0x106d51aa0>, Estimated Cost: 0.000686
2026-09-08 17:08:52.536 Python[65523:13566519] Operation: ios18.mul, Device Usage: <MLNeuralEngineComputeDevice: 0x106d51aa0>, Estimated Cost: 0.001148
2026-09-08 17:08:52.536 Python[65523:13566519] Operation: ios18.mul, Device Usage: <MLNeuralEngineComputeDevice: 0x106d51aa0>, Estimated Cost: 0.000574
2026-09-08 17:08:52.536 Python[65523:13566519] Operation: ios18.conv, Device Usage: <MLNeuralEngineComputeDevice: 0x106d51aa0>, Estimated Cost: 0.000918
2026-09-08 17:08:52.536 Python[65523:13566519] Operation: ios18.add, Device Usage: <MLNeuralEngineComputeDevice: 0x106d51aa0>, Estimated Cost: 0.000686
2026-09-08 17:08:52.536 Python[65523:13566519] Operation: ios18.conv, Device Usage: <MLNeuralEngineComputeDevice: 0x106d51aa0>, Estimated Cost: 0.000044
2026-09-08 17:08:52.536 Python[65523:13566519] Operation: ios18.conv, Device Usage: <MLNeuralEngineComputeDevice: 0x106d51aa0>, Estimated Cost: 0.000057
2026-09-08 17:08:52.536 Python[65523:13566519] Operation: ios18.add, Device Usage: <MLNeuralEngineComputeDevice: 0x106d51aa0>, Estimated Cost: 0.000686
2026-09-08 17:08:52.536 Python[65523:13566519] Operation: ios18.add, Device Usage: <MLNeuralEngineComputeDevice: 0x106d51aa0>, Estimated Cost: 0.000686
2026-09-08 17:08:52.536 Python[65523:13566519] Operation: ios18.batch_norm, Device Usage: <MLNeuralEngineComputeDevice: 0x106d51aa0>, Estimated Cost: 0.000338
2026-09-08 17:08:52.536 Python[65523:13566519] Operation: ios16.reduce_mean, Device Usage: <MLNeuralEngineComputeDevice: 0x106d51aa0>, Estimated Cost: 0.000170
2026-09-08 17:08:52.536 Python[65523:13566519] Operation: ios18.conv, Device Usage: <MLNeuralEngineComputeDevice: 0x106d51aa0>, Estimated Cost: 0.000012
2026-09-08 17:08:52.536 Python[65523:13566519] Operation: ios18.relu, Device Usage: <MLNeuralEngineComputeDevice: 0x106d51aa0>, Estimated Cost: 0.000000
2026-09-08 17:08:52.536 Python[65523:13566519] Operation: ios18.conv, Device Usage: <MLNeuralEngineComputeDevice: 0x106d51aa0>, Estimated Cost: 0.000012
2026-09-08 17:08:52.536 Python[65523:13566519] Operation: ios18.sigmoid, Device Usage: <MLNeuralEngineComputeDevice: 0x106d51aa0>, Estimated Cost: 0.000002
2026-09-08 17:08:52.536 Python[65523:13566519] Operation: ios18.mul, Device Usage: <MLNeuralEngineComputeDevice: 0x106d51aa0>, Estimated Cost: 0.000289
2026-09-08 17:08:52.536 Python[65523:13566519] Operation: ios18.conv, Device Usage: <MLNeuralEngineComputeDevice: 0x106d51aa0>, Estimated Cost: 0.000919
2026-09-08 17:08:52.536 Python[65523:13566519] Operation: ios18.real_div, Device Usage: <MLNeuralEngineComputeDevice: 0x106d51aa0>, Estimated Cost: 0.000676
2026-09-08 17:08:52.536 Python[65523:13566519] Operation: ios18.erf, Device Usage: <MLNeuralEngineComputeDevice: 0x106d51aa0>, Estimated Cost: 0.000676
2026-09-08 17:08:52.536 Python[65523:13566519] Operation: ios18.add, Device Usage: <MLNeuralEngineComputeDevice: 0x106d51aa0>, Estimated Cost: 0.000686
2026-09-08 17:08:52.536 Python[65523:13566519] Operation: ios18.mul, Device Usage: <MLNeuralEngineComputeDevice: 0x106d51aa0>, Estimated Cost: 0.001148
2026-09-08 17:08:52.536 Python[65523:13566519] Operation: ios18.mul, Device Usage: <MLNeuralEngineComputeDevice: 0x106d51aa0>, Estimated Cost: 0.000574
2026-09-08 17:08:52.536 Python[65523:13566519] Operation: ios18.conv, Device Usage: <MLNeuralEngineComputeDevice: 0x106d51aa0>, Estimated Cost: 0.000918
2026-09-08 17:08:52.536 Python[65523:13566519] Operation: ios18.add, Device Usage: <MLNeuralEngineComputeDevice: 0x106d51aa0>, Estimated Cost: 0.000686
2026-09-08 17:08:52.536 Python[65523:13566519] Operation: ios18.conv, Device Usage: <MLNeuralEngineComputeDevice: 0x106d51aa0>, Estimated Cost: 0.000044
2026-09-08 17:08:52.536 Python[65523:13566519] Operation: ios18.conv, Device Usage: <MLNeuralEngineComputeDevice: 0x106d51aa0>, Estimated Cost: 0.000057
2026-09-08 17:08:52.536 Python[65523:13566519] Operation: ios18.add, Device Usage: <MLNeuralEngineComputeDevice: 0x106d51aa0>, Estimated Cost: 0.000686
2026-09-08 17:08:52.536 Python[65523:13566519] Operation: ios18.add, Device Usage: <MLNeuralEngineComputeDevice: 0x106d51aa0>, Estimated Cost: 0.000686
2026-09-08 17:08:52.536 Python[65523:13566519] Operation: ios18.batch_norm, Device Usage: <MLNeuralEngineComputeDevice: 0x106d51aa0>, Estimated Cost: 0.000338
2026-09-08 17:08:52.536 Python[65523:13566519] Operation: ios18.conv, Device Usage: <MLNeuralEngineComputeDevice: 0x106d51aa0>, Estimated Cost: 0.000919
2026-09-08 17:08:52.536 Python[65523:13566519] Operation: ios18.real_div, Device Usage: <MLNeuralEngineComputeDevice: 0x106d51aa0>, Estimated Cost: 0.000676
2026-09-08 17:08:52.536 Python[65523:13566519] Operation: ios18.erf, Device Usage: <MLNeuralEngineComputeDevice: 0x106d51aa0>, Estimated Cost: 0.000676
2026-09-08 17:08:52.536 Python[65523:13566519] Operation: ios18.add, Device Usage: <MLNeuralEngineComputeDevice: 0x106d51aa0>, Estimated Cost: 0.000686
2026-09-08 17:08:52.536 Python[65523:13566519] Operation: ios18.mul, Device Usage: <MLNeuralEngineComputeDevice: 0x106d51aa0>, Estimated Cost: 0.001148
2026-09-08 17:08:52.536 Python[65523:13566519] Operation: ios18.mul, Device Usage: <MLNeuralEngineComputeDevice: 0x106d51aa0>, Estimated Cost: 0.000574
2026-09-08 17:08:52.536 Python[65523:13566519] Operation: ios18.conv, Device Usage: <MLNeuralEngineComputeDevice: 0x106d51aa0>, Estimated Cost: 0.000918
2026-09-08 17:08:52.536 Python[65523:13566519] Operation: ios18.add, Device Usage: <MLNeuralEngineComputeDevice: 0x106d51aa0>, Estimated Cost: 0.000686
2026-09-08 17:08:52.537 Python[65523:13566519] Operation: ios18.conv, Device Usage: <MLNeuralEngineComputeDevice: 0x106d51aa0>, Estimated Cost: 0.000044
2026-09-08 17:08:52.537 Python[65523:13566519] Operation: ios18.conv, Device Usage: <MLNeuralEngineComputeDevice: 0x106d51aa0>, Estimated Cost: 0.000057
2026-09-08 17:08:52.537 Python[65523:13566519] Operation: ios18.add, Device Usage: <MLNeuralEngineComputeDevice: 0x106d51aa0>, Estimated Cost: 0.000686
2026-09-08 17:08:52.537 Python[65523:13566519] Operation: ios18.add, Device Usage: <MLNeuralEngineComputeDevice: 0x106d51aa0>, Estimated Cost: 0.000686
2026-09-08 17:08:52.537 Python[65523:13566519] Operation: ios18.batch_norm, Device Usage: <MLNeuralEngineComputeDevice: 0x106d51aa0>, Estimated Cost: 0.000338
2026-09-08 17:08:52.537 Python[65523:13566519] Operation: ios16.reduce_mean, Device Usage: <MLNeuralEngineComputeDevice: 0x106d51aa0>, Estimated Cost: 0.000170
2026-09-08 17:08:52.537 Python[65523:13566519] Operation: ios18.conv, Device Usage: <MLNeuralEngineComputeDevice: 0x106d51aa0>, Estimated Cost: 0.000012
2026-09-08 17:08:52.537 Python[65523:13566519] Operation: ios18.relu, Device Usage: <MLNeuralEngineComputeDevice: 0x106d51aa0>, Estimated Cost: 0.000000
2026-09-08 17:08:52.537 Python[65523:13566519] Operation: ios18.conv, Device Usage: <MLNeuralEngineComputeDevice: 0x106d51aa0>, Estimated Cost: 0.000012
2026-09-08 17:08:52.537 Python[65523:13566519] Operation: ios18.sigmoid, Device Usage: <MLNeuralEngineComputeDevice: 0x106d51aa0>, Estimated Cost: 0.000002
2026-09-08 17:08:52.537 Python[65523:13566519] Operation: ios18.mul, Device Usage: <MLNeuralEngineComputeDevice: 0x106d51aa0>, Estimated Cost: 0.000289
2026-09-08 17:08:52.537 Python[65523:13566519] Operation: ios18.conv, Device Usage: <MLNeuralEngineComputeDevice: 0x106d51aa0>, Estimated Cost: 0.000919
2026-09-08 17:08:52.537 Python[65523:13566519] Operation: ios18.real_div, Device Usage: <MLNeuralEngineComputeDevice: 0x106d51aa0>, Estimated Cost: 0.000676
2026-09-08 17:08:52.537 Python[65523:13566519] Operation: ios18.erf, Device Usage: <MLNeuralEngineComputeDevice: 0x106d51aa0>, Estimated Cost: 0.000676
2026-09-08 17:08:52.537 Python[65523:13566519] Operation: ios18.add, Device Usage: <MLNeuralEngineComputeDevice: 0x106d51aa0>, Estimated Cost: 0.000686
2026-09-08 17:08:52.537 Python[65523:13566519] Operation: ios18.mul, Device Usage: <MLNeuralEngineComputeDevice: 0x106d51aa0>, Estimated Cost: 0.001148
2026-09-08 17:08:52.537 Python[65523:13566519] Operation: ios18.mul, Device Usage: <MLNeuralEngineComputeDevice: 0x106d51aa0>, Estimated Cost: 0.000574
2026-09-08 17:08:52.537 Python[65523:13566519] Operation: ios18.conv, Device Usage: <MLNeuralEngineComputeDevice: 0x106d51aa0>, Estimated Cost: 0.000918
2026-09-08 17:08:52.537 Python[65523:13566519] Operation: ios18.add, Device Usage: <MLNeuralEngineComputeDevice: 0x106d51aa0>, Estimated Cost: 0.000686
2026-09-08 17:08:52.537 Python[65523:13566519] Operation: ios18.conv, Device Usage: <MLNeuralEngineComputeDevice: 0x106d51aa0>, Estimated Cost: 0.000044
2026-09-08 17:08:52.537 Python[65523:13566519] Operation: ios18.conv, Device Usage: <MLNeuralEngineComputeDevice: 0x106d51aa0>, Estimated Cost: 0.000057
2026-09-08 17:08:52.537 Python[65523:13566519] Operation: ios18.add, Device Usage: <MLNeuralEngineComputeDevice: 0x106d51aa0>, Estimated Cost: 0.000686
2026-09-08 17:08:52.537 Python[65523:13566519] Operation: ios18.add, Device Usage: <MLNeuralEngineComputeDevice: 0x106d51aa0>, Estimated Cost: 0.000686
2026-09-08 17:08:52.537 Python[65523:13566519] Operation: ios18.batch_norm, Device Usage: <MLNeuralEngineComputeDevice: 0x106d51aa0>, Estimated Cost: 0.000338
2026-09-08 17:08:52.537 Python[65523:13566519] Operation: ios18.conv, Device Usage: <MLNeuralEngineComputeDevice: 0x106d51aa0>, Estimated Cost: 0.000919
2026-09-08 17:08:52.537 Python[65523:13566519] Operation: ios18.real_div, Device Usage: <MLNeuralEngineComputeDevice: 0x106d51aa0>, Estimated Cost: 0.000676
2026-09-08 17:08:52.537 Python[65523:13566519] Operation: ios18.erf, Device Usage: <MLNeuralEngineComputeDevice: 0x106d51aa0>, Estimated Cost: 0.000676
2026-09-08 17:08:52.537 Python[65523:13566519] Operation: ios18.add, Device Usage: <MLNeuralEngineComputeDevice: 0x106d51aa0>, Estimated Cost: 0.000686
2026-09-08 17:08:52.537 Python[65523:13566519] Operation: ios18.mul, Device Usage: <MLNeuralEngineComputeDevice: 0x106d51aa0>, Estimated Cost: 0.001148
2026-09-08 17:08:52.537 Python[65523:13566519] Operation: ios18.mul, Device Usage: <MLNeuralEngineComputeDevice: 0x106d51aa0>, Estimated Cost: 0.000574
2026-09-08 17:08:52.537 Python[65523:13566519] Operation: ios18.conv, Device Usage: <MLNeuralEngineComputeDevice: 0x106d51aa0>, Estimated Cost: 0.000918
2026-09-08 17:08:52.537 Python[65523:13566519] Operation: ios18.add, Device Usage: <MLNeuralEngineComputeDevice: 0x106d51aa0>, Estimated Cost: 0.000686
2026-09-08 17:08:52.537 Python[65523:13566519] Operation: ios18.conv, Device Usage: <MLNeuralEngineComputeDevice: 0x106d51aa0>, Estimated Cost: 0.000044
2026-09-08 17:08:52.537 Python[65523:13566519] Operation: ios18.conv, Device Usage: <MLNeuralEngineComputeDevice: 0x106d51aa0>, Estimated Cost: 0.000057
2026-09-08 17:08:52.537 Python[65523:13566519] Operation: ios18.add, Device Usage: <MLNeuralEngineComputeDevice: 0x106d51aa0>, Estimated Cost: 0.000686
2026-09-08 17:08:52.537 Python[65523:13566519] Operation: ios18.add, Device Usage: <MLNeuralEngineComputeDevice: 0x106d51aa0>, Estimated Cost: 0.000686
2026-09-08 17:08:52.537 Python[65523:13566519] Operation: ios18.batch_norm, Device Usage: <MLNeuralEngineComputeDevice: 0x106d51aa0>, Estimated Cost: 0.000338
2026-09-08 17:08:52.537 Python[65523:13566519] Operation: ios18.conv, Device Usage: <MLNeuralEngineComputeDevice: 0x106d51aa0>, Estimated Cost: 0.000919
2026-09-08 17:08:52.537 Python[65523:13566519] Operation: ios18.real_div, Device Usage: <MLNeuralEngineComputeDevice: 0x106d51aa0>, Estimated Cost: 0.000676
2026-09-08 17:08:52.537 Python[65523:13566519] Operation: ios18.erf, Device Usage: <MLNeuralEngineComputeDevice: 0x106d51aa0>, Estimated Cost: 0.000676
2026-09-08 17:08:52.537 Python[65523:13566519] Operation: ios18.add, Device Usage: <MLNeuralEngineComputeDevice: 0x106d51aa0>, Estimated Cost: 0.000686
2026-09-08 17:08:52.537 Python[65523:13566519] Operation: ios18.mul, Device Usage: <MLNeuralEngineComputeDevice: 0x106d51aa0>, Estimated Cost: 0.001148
2026-09-08 17:08:52.537 Python[65523:13566519] Operation: ios18.mul, Device Usage: <MLNeuralEngineComputeDevice: 0x106d51aa0>, Estimated Cost: 0.000574
2026-09-08 17:08:52.537 Python[65523:13566519] Operation: ios18.conv, Device Usage: <MLNeuralEngineComputeDevice: 0x106d51aa0>, Estimated Cost: 0.000918
2026-09-08 17:08:52.537 Python[65523:13566519] Operation: ios18.add, Device Usage: <MLNeuralEngineComputeDevice: 0x106d51aa0>, Estimated Cost: 0.000686
2026-09-08 17:08:52.537 Python[65523:13566519] Operation: ios18.conv, Device Usage: <MLNeuralEngineComputeDevice: 0x106d51aa0>, Estimated Cost: 0.000070
2026-09-08 17:08:52.537 Python[65523:13566519] Operation: ios18.conv, Device Usage: <MLNeuralEngineComputeDevice: 0x106d51aa0>, Estimated Cost: 0.000230
2026-09-08 17:08:52.537 Python[65523:13566519] Operation: ios18.conv, Device Usage: <MLNeuralEngineComputeDevice: 0x106d51aa0>, Estimated Cost: 0.000918
2026-09-08 17:08:52.537 Python[65523:13566519] Operation: ios18.real_div, Device Usage: <MLNeuralEngineComputeDevice: 0x106d51aa0>, Estimated Cost: 0.000338
2026-09-08 17:08:52.537 Python[65523:13566519] Operation: ios18.erf, Device Usage: <MLNeuralEngineComputeDevice: 0x106d51aa0>, Estimated Cost: 0.000338
2026-09-08 17:08:52.537 Python[65523:13566519] Operation: ios18.add, Device Usage: <MLNeuralEngineComputeDevice: 0x106d51aa0>, Estimated Cost: 0.000343
2026-09-08 17:08:52.537 Python[65523:13566519] Operation: ios18.mul, Device Usage: <MLNeuralEngineComputeDevice: 0x106d51aa0>, Estimated Cost: 0.000574
2026-09-08 17:08:52.537 Python[65523:13566519] Operation: ios18.mul, Device Usage: <MLNeuralEngineComputeDevice: 0x106d51aa0>, Estimated Cost: 0.000287
2026-09-08 17:08:52.537 Python[65523:13566519] Operation: ios18.conv, Device Usage: <MLNeuralEngineComputeDevice: 0x106d51aa0>, Estimated Cost: 0.000918
2026-09-08 17:08:52.537 Python[65523:13566519] Operation: ios18.add, Device Usage: <MLNeuralEngineComputeDevice: 0x106d51aa0>, Estimated Cost: 0.000343
2026-09-08 17:08:52.537 Python[65523:13566519] Operation: ios18.conv, Device Usage: <MLNeuralEngineComputeDevice: 0x106d51aa0>, Estimated Cost: 0.000022
2026-09-08 17:08:52.537 Python[65523:13566519] Operation: ios18.conv, Device Usage: <MLNeuralEngineComputeDevice: 0x106d51aa0>, Estimated Cost: 0.000140
2026-09-08 17:08:52.537 Python[65523:13566519] Operation: ios18.add, Device Usage: <MLNeuralEngineComputeDevice: 0x106d51aa0>, Estimated Cost: 0.000343
2026-09-08 17:08:52.537 Python[65523:13566519] Operation: ios18.add, Device Usage: <MLNeuralEngineComputeDevice: 0x106d51aa0>, Estimated Cost: 0.000343
2026-09-08 17:08:52.537 Python[65523:13566519] Operation: ios18.batch_norm, Device Usage: <MLNeuralEngineComputeDevice: 0x106d51aa0>, Estimated Cost: 0.000169
2026-09-08 17:08:52.537 Python[65523:13566519] Operation: ios16.reduce_mean, Device Usage: <MLNeuralEngineComputeDevice: 0x106d51aa0>, Estimated Cost: 0.000086
2026-09-08 17:08:52.537 Python[65523:13566519] Operation: ios18.conv, Device Usage: <MLNeuralEngineComputeDevice: 0x106d51aa0>, Estimated Cost: 0.000048
2026-09-08 17:08:52.537 Python[65523:13566519] Operation: ios18.relu, Device Usage: <MLNeuralEngineComputeDevice: 0x106d51aa0>, Estimated Cost: 0.000001
2026-09-08 17:08:52.537 Python[65523:13566519] Operation: ios18.conv, Device Usage: <MLNeuralEngineComputeDevice: 0x106d51aa0>, Estimated Cost: 0.000048
2026-09-08 17:08:52.537 Python[65523:13566519] Operation: ios18.sigmoid, Device Usage: <MLNeuralEngineComputeDevice: 0x106d51aa0>, Estimated Cost: 0.000003
2026-09-08 17:08:52.537 Python[65523:13566519] Operation: ios18.mul, Device Usage: <MLNeuralEngineComputeDevice: 0x106d51aa0>, Estimated Cost: 0.000146
2026-09-08 17:08:52.537 Python[65523:13566519] Operation: ios18.conv, Device Usage: <MLNeuralEngineComputeDevice: 0x106d51aa0>, Estimated Cost: 0.000918
2026-09-08 17:08:52.537 Python[65523:13566519] Operation: ios18.real_div, Device Usage: <MLNeuralEngineComputeDevice: 0x106d51aa0>, Estimated Cost: 0.000338
2026-09-08 17:08:52.537 Python[65523:13566519] Operation: ios18.erf, Device Usage: <MLNeuralEngineComputeDevice: 0x106d51aa0>, Estimated Cost: 0.000338
2026-09-08 17:08:52.537 Python[65523:13566519] Operation: ios18.add, Device Usage: <MLNeuralEngineComputeDevice: 0x106d51aa0>, Estimated Cost: 0.000343
2026-09-08 17:08:52.537 Python[65523:13566519] Operation: ios18.mul, Device Usage: <MLNeuralEngineComputeDevice: 0x106d51aa0>, Estimated Cost: 0.000574
2026-09-08 17:08:52.537 Python[65523:13566519] Operation: ios18.mul, Device Usage: <MLNeuralEngineComputeDevice: 0x106d51aa0>, Estimated Cost: 0.000287
2026-09-08 17:08:52.537 Python[65523:13566519] Operation: ios18.conv, Device Usage: <MLNeuralEngineComputeDevice: 0x106d51aa0>, Estimated Cost: 0.000918
2026-09-08 17:08:52.537 Python[65523:13566519] Operation: ios18.add, Device Usage: <MLNeuralEngineComputeDevice: 0x106d51aa0>, Estimated Cost: 0.000343
2026-09-08 17:08:52.537 Python[65523:13566519] Operation: ios18.conv, Device Usage: <MLNeuralEngineComputeDevice: 0x106d51aa0>, Estimated Cost: 0.000022
2026-09-08 17:08:52.537 Python[65523:13566519] Operation: ios18.conv, Device Usage: <MLNeuralEngineComputeDevice: 0x106d51aa0>, Estimated Cost: 0.000140
2026-09-08 17:08:52.537 Python[65523:13566519] Operation: ios18.add, Device Usage: <MLNeuralEngineComputeDevice: 0x106d51aa0>, Estimated Cost: 0.000343
2026-09-08 17:08:52.537 Python[65523:13566519] Operation: ios18.add, Device Usage: <MLNeuralEngineComputeDevice: 0x106d51aa0>, Estimated Cost: 0.000343
2026-09-08 17:08:52.537 Python[65523:13566519] Operation: ios18.batch_norm, Device Usage: <MLNeuralEngineComputeDevice: 0x106d51aa0>, Estimated Cost: 0.000169
2026-09-08 17:08:52.537 Python[65523:13566519] Operation: ios18.conv, Device Usage: <MLNeuralEngineComputeDevice: 0x106d51aa0>, Estimated Cost: 0.000918
2026-09-08 17:08:52.537 Python[65523:13566519] Operation: ios18.real_div, Device Usage: <MLNeuralEngineComputeDevice: 0x106d51aa0>, Estimated Cost: 0.000338
2026-09-08 17:08:52.537 Python[65523:13566519] Operation: ios18.erf, Device Usage: <MLNeuralEngineComputeDevice: 0x106d51aa0>, Estimated Cost: 0.000338
2026-09-08 17:08:52.537 Python[65523:13566519] Operation: ios18.add, Device Usage: <MLNeuralEngineComputeDevice: 0x106d51aa0>, Estimated Cost: 0.000343
2026-09-08 17:08:52.537 Python[65523:13566519] Operation: ios18.mul, Device Usage: <MLNeuralEngineComputeDevice: 0x106d51aa0>, Estimated Cost: 0.000574
2026-09-08 17:08:52.537 Python[65523:13566519] Operation: ios18.mul, Device Usage: <MLNeuralEngineComputeDevice: 0x106d51aa0>, Estimated Cost: 0.000287
2026-09-08 17:08:52.537 Python[65523:13566519] Operation: ios18.conv, Device Usage: <MLNeuralEngineComputeDevice: 0x106d51aa0>, Estimated Cost: 0.000918
2026-09-08 17:08:52.537 Python[65523:13566519] Operation: ios18.add, Device Usage: <MLNeuralEngineComputeDevice: 0x106d51aa0>, Estimated Cost: 0.000343
2026-09-08 17:08:52.537 Python[65523:13566519] Operation: ios18.reshape, Device Usage: <MLNeuralEngineComputeDevice: 0x106d51aa0>, Estimated Cost: 0.000169
2026-09-08 17:08:52.538 Python[65523:13566519] Operation: ios18.transpose, Device Usage: <MLGPUComputeDevice: 0x120eff4f0> Apple M5, Estimated Cost: 0.000113
2026-09-08 17:08:52.538 Python[65523:13566519] Operation: ios18.reshape, Device Usage: <MLGPUComputeDevice: 0x120eff4f0> Apple M5, Estimated Cost: 0.000169
2026-09-08 17:08:52.538 Python[65523:13566519] Operation: ios18.linear, Device Usage: <MLGPUComputeDevice: 0x120eff4f0> Apple M5, Estimated Cost: 0.000163
2026-09-08 17:08:52.538 Python[65523:13566519] Operation: ios18.reshape, Device Usage: <MLGPUComputeDevice: 0x120eff4f0> Apple M5, Estimated Cost: 0.000135
2026-09-08 17:08:52.538 Python[65523:13566519] Operation: ios18.add, Device Usage: <MLGPUComputeDevice: 0x120eff4f0> Apple M5, Estimated Cost: 0.000360
2026-09-08 17:08:52.538 Python[65523:13566519] Operation: ios18.transpose, Device Usage: <MLGPUComputeDevice: 0x120eff4f0> Apple M5, Estimated Cost: 0.000090
2026-09-08 17:08:52.538 Python[65523:13566519] Operation: ios18.reshape, Device Usage: <MLGPUComputeDevice: 0x120eff4f0> Apple M5, Estimated Cost: 0.000135
2026-09-08 17:08:52.538 Python[65523:13566519] Operation: ios18.linear, Device Usage: <MLGPUComputeDevice: 0x120eff4f0> Apple M5, Estimated Cost: 0.000698
2026-09-08 17:08:52.538 Python[65523:13566519] Operation: ios18.reshape, Device Usage: <MLGPUComputeDevice: 0x120eff4f0> Apple M5, Estimated Cost: 0.000271
2026-09-08 17:08:52.539 Python[65523:13566519] Operation: ios18.transpose, Device Usage: <MLGPUComputeDevice: 0x120eff4f0> Apple M5, Estimated Cost: 0.000180
2026-09-08 17:08:52.539 Python[65523:13566519] Operation: ios18.squeeze, Device Usage: <MLGPUComputeDevice: 0x120eff4f0> Apple M5, Estimated Cost: 0.000271
2026-09-08 17:08:52.540 Python[65523:13566519] Operation: ios18.reshape, Device Usage: <MLGPUComputeDevice: 0x120eff4f0> Apple M5, Estimated Cost: 0.000000
2026-09-08 17:08:52.544 Python[65523:13566519] Operation: ios18.gather, Device Usage: <MLGPUComputeDevice: 0x120eff4f0> Apple M5, Estimated Cost: 0.000395
2026-09-08 17:08:52.544 Python[65523:13566519] Operation: ios18.squeeze, Device Usage: <MLGPUComputeDevice: 0x120eff4f0> Apple M5, Estimated Cost: 0.000135
2026-09-08 17:08:52.544 Python[65523:13566519] Operation: ios18.reshape, Device Usage: <MLGPUComputeDevice: 0x120eff4f0> Apple M5, Estimated Cost: 0.000135
2026-09-08 17:08:52.544 Python[65523:13566519] Operation: ios18.transpose, Device Usage: <MLGPUComputeDevice: 0x120eff4f0> Apple M5, Estimated Cost: 0.000090
2026-09-08 17:08:52.544 Python[65523:13566519] Operation: ios18.reshape, Device Usage: <MLGPUComputeDevice: 0x120eff4f0> Apple M5, Estimated Cost: 0.000135
2026-09-08 17:08:52.544 Python[65523:13566519] Operation: ios18.transpose, Device Usage: <MLGPUComputeDevice: 0x120eff4f0> Apple M5, Estimated Cost: 0.000090
2026-09-08 17:08:52.544 Python[65523:13566519] Operation: ios18.mul, Device Usage: <MLGPUComputeDevice: 0x120eff4f0> Apple M5, Estimated Cost: 0.000165
2026-09-08 17:08:52.545 Python[65523:13566519] Operation: ios18.sqrt, Device Usage: <MLGPUComputeDevice: 0x120eff4f0> Apple M5, Estimated Cost: 0.000000
2026-09-08 17:08:52.545 Python[65523:13566519] Operation: ios18.real_div, Device Usage: <MLGPUComputeDevice: 0x120eff4f0> Apple M5, Estimated Cost: 0.000000
2026-09-08 17:08:52.545 Python[65523:13566519] Operation: ios18.sqrt, Device Usage: <MLGPUComputeDevice: 0x120eff4f0> Apple M5, Estimated Cost: 0.000000
2026-09-08 17:08:52.545 Python[65523:13566519] Operation: ios18.sqrt, Device Usage: <MLGPUComputeDevice: 0x120eff4f0> Apple M5, Estimated Cost: 0.000000
2026-09-08 17:08:52.545 Python[65523:13566519] Operation: ios18.real_div, Device Usage: <MLGPUComputeDevice: 0x120eff4f0> Apple M5, Estimated Cost: 0.000000
2026-09-08 17:08:52.545 Python[65523:13566519] Operation: ios18.sqrt, Device Usage: <MLGPUComputeDevice: 0x120eff4f0> Apple M5, Estimated Cost: 0.000000
2026-09-08 17:08:52.545 Python[65523:13566519] Operation: ios18.reshape, Device Usage: <MLGPUComputeDevice: 0x120eff4f0> Apple M5, Estimated Cost: 0.000135
2026-09-08 17:08:52.545 Python[65523:13566519] Operation: ios18.linear, Device Usage: <MLGPUComputeDevice: 0x120eff4f0> Apple M5, Estimated Cost: 0.000698
2026-09-08 17:08:52.546 Python[65523:13566519] Operation: ios18.reshape, Device Usage: <MLGPUComputeDevice: 0x120eff4f0> Apple M5, Estimated Cost: 0.000271
2026-09-08 17:08:52.546 Python[65523:13566519] Operation: ios18.transpose, Device Usage: <MLGPUComputeDevice: 0x120eff4f0> Apple M5, Estimated Cost: 0.000180
2026-09-08 17:08:52.546 Python[65523:13566519] Operation: ios18.squeeze, Device Usage: <MLGPUComputeDevice: 0x120eff4f0> Apple M5, Estimated Cost: 0.000271
2026-09-08 17:08:52.546 Python[65523:13566519] Operation: ios18.reshape, Device Usage: <MLGPUComputeDevice: 0x120eff4f0> Apple M5, Estimated Cost: 0.000000
2026-09-08 17:08:52.546 Python[65523:13566519] Operation: ios18.gather, Device Usage: <MLGPUComputeDevice: 0x120eff4f0> Apple M5, Estimated Cost: 0.000395
2026-09-08 17:08:52.546 Python[65523:13566519] Operation: ios18.squeeze, Device Usage: <MLGPUComputeDevice: 0x120eff4f0> Apple M5, Estimated Cost: 0.000135
2026-09-08 17:08:52.546 Python[65523:13566519] Operation: ios18.reshape, Device Usage: <MLGPUComputeDevice: 0x120eff4f0> Apple M5, Estimated Cost: 0.000135
2026-09-08 17:08:52.546 Python[65523:13566519] Operation: ios18.transpose, Device Usage: <MLGPUComputeDevice: 0x120eff4f0> Apple M5, Estimated Cost: 0.000090
2026-09-08 17:08:52.546 Python[65523:13566519] Operation: ios18.reshape, Device Usage: <MLGPUComputeDevice: 0x120eff4f0> Apple M5, Estimated Cost: 0.000135
2026-09-08 17:08:52.547 Python[65523:13566519] Operation: ios18.transpose, Device Usage: <MLGPUComputeDevice: 0x120eff4f0> Apple M5, Estimated Cost: 0.000090
2026-09-08 17:08:52.547 Python[65523:13566519] Operation: ios18.mul, Device Usage: <MLGPUComputeDevice: 0x120eff4f0> Apple M5, Estimated Cost: 0.000165
2026-09-08 17:08:52.547 Python[65523:13566519] Operation: ios18.sqrt, Device Usage: <MLGPUComputeDevice: 0x120eff4f0> Apple M5, Estimated Cost: 0.000000
2026-09-08 17:08:52.547 Python[65523:13566519] Operation: ios18.real_div, Device Usage: <MLGPUComputeDevice: 0x120eff4f0> Apple M5, Estimated Cost: 0.000000
2026-09-08 17:08:52.547 Python[65523:13566519] Operation: ios18.sqrt, Device Usage: <MLGPUComputeDevice: 0x120eff4f0> Apple M5, Estimated Cost: 0.000000
2026-09-08 17:08:52.547 Python[65523:13566519] Operation: ios18.sqrt, Device Usage: <MLGPUComputeDevice: 0x120eff4f0> Apple M5, Estimated Cost: 0.000000
2026-09-08 17:08:52.547 Python[65523:13566519] Operation: ios18.real_div, Device Usage: <MLGPUComputeDevice: 0x120eff4f0> Apple M5, Estimated Cost: 0.000000
2026-09-08 17:08:52.548 Python[65523:13566519] Operation: ios18.sqrt, Device Usage: <MLGPUComputeDevice: 0x120eff4f0> Apple M5, Estimated Cost: 0.000000
2026-09-08 17:08:52.548 Python[65523:13566519] Operation: ios18.reshape, Device Usage: <MLGPUComputeDevice: 0x120eff4f0> Apple M5, Estimated Cost: 0.000135
2026-09-08 17:08:52.548 Python[65523:13566519] Operation: ios18.linear, Device Usage: <MLGPUComputeDevice: 0x120eff4f0> Apple M5, Estimated Cost: 0.000698
2026-09-08 17:08:52.548 Python[65523:13566519] Operation: ios18.reshape, Device Usage: <MLGPUComputeDevice: 0x120eff4f0> Apple M5, Estimated Cost: 0.000271
2026-09-08 17:08:52.548 Python[65523:13566519] Operation: ios18.transpose, Device Usage: <MLGPUComputeDevice: 0x120eff4f0> Apple M5, Estimated Cost: 0.000180
2026-09-08 17:08:52.548 Python[65523:13566519] Operation: ios18.squeeze, Device Usage: <MLGPUComputeDevice: 0x120eff4f0> Apple M5, Estimated Cost: 0.000271
2026-09-08 17:08:52.548 Python[65523:13566519] Operation: ios18.reshape, Device Usage: <MLGPUComputeDevice: 0x120eff4f0> Apple M5, Estimated Cost: 0.000000
2026-09-08 17:08:52.548 Python[65523:13566519] Operation: ios18.gather, Device Usage: <MLGPUComputeDevice: 0x120eff4f0> Apple M5, Estimated Cost: 0.000395
2026-09-08 17:08:52.548 Python[65523:13566519] Operation: ios18.squeeze, Device Usage: <MLGPUComputeDevice: 0x120eff4f0> Apple M5, Estimated Cost: 0.000135
2026-09-08 17:08:52.549 Python[65523:13566519] Operation: ios18.reshape, Device Usage: <MLGPUComputeDevice: 0x120eff4f0> Apple M5, Estimated Cost: 0.000135
2026-09-08 17:08:52.549 Python[65523:13566519] Operation: ios18.transpose, Device Usage: <MLGPUComputeDevice: 0x120eff4f0> Apple M5, Estimated Cost: 0.000090
2026-09-08 17:08:52.549 Python[65523:13566519] Operation: ios18.reshape, Device Usage: <MLGPUComputeDevice: 0x120eff4f0> Apple M5, Estimated Cost: 0.000135
2026-09-08 17:08:52.549 Python[65523:13566519] Operation: ios18.transpose, Device Usage: <MLGPUComputeDevice: 0x120eff4f0> Apple M5, Estimated Cost: 0.000090
2026-09-08 17:08:52.549 Python[65523:13566519] Operation: ios18.mul, Device Usage: <MLGPUComputeDevice: 0x120eff4f0> Apple M5, Estimated Cost: 0.000165
2026-09-08 17:08:52.549 Python[65523:13566519] Operation: ios18.sqrt, Device Usage: <MLGPUComputeDevice: 0x120eff4f0> Apple M5, Estimated Cost: 0.000000
2026-09-08 17:08:52.549 Python[65523:13566519] Operation: ios18.real_div, Device Usage: <MLGPUComputeDevice: 0x120eff4f0> Apple M5, Estimated Cost: 0.000000
2026-09-08 17:08:52.549 Python[65523:13566519] Operation: ios18.sqrt, Device Usage: <MLGPUComputeDevice: 0x120eff4f0> Apple M5, Estimated Cost: 0.000000
2026-09-08 17:08:52.549 Python[65523:13566519] Operation: ios18.sqrt, Device Usage: <MLGPUComputeDevice: 0x120eff4f0> Apple M5, Estimated Cost: 0.000000
2026-09-08 17:08:52.550 Python[65523:13566519] Operation: ios18.real_div, Device Usage: <MLGPUComputeDevice: 0x120eff4f0> Apple M5, Estimated Cost: 0.000000
2026-09-08 17:08:52.550 Python[65523:13566519] Operation: ios18.sqrt, Device Usage: <MLGPUComputeDevice: 0x120eff4f0> Apple M5, Estimated Cost: 0.000000
2026-09-08 17:08:52.550 Python[65523:13566519] Operation: ios18.reshape, Device Usage: <MLGPUComputeDevice: 0x120eff4f0> Apple M5, Estimated Cost: 0.000135
2026-09-08 17:08:52.550 Python[65523:13566519] Operation: ios18.linear, Device Usage: <MLGPUComputeDevice: 0x120eff4f0> Apple M5, Estimated Cost: 0.000698
2026-09-08 17:08:52.550 Python[65523:13566519] Operation: ios18.reshape, Device Usage: <MLGPUComputeDevice: 0x120eff4f0> Apple M5, Estimated Cost: 0.000271
2026-09-08 17:08:52.550 Python[65523:13566519] Operation: ios18.transpose, Device Usage: <MLGPUComputeDevice: 0x120eff4f0> Apple M5, Estimated Cost: 0.000180
2026-09-08 17:08:52.553 Python[65523:13566519] Operation: ios18.squeeze, Device Usage: <MLGPUComputeDevice: 0x120eff4f0> Apple M5, Estimated Cost: 0.000271
2026-09-08 17:08:52.553 Python[65523:13566519] Operation: ios18.reshape, Device Usage: <MLGPUComputeDevice: 0x120eff4f0> Apple M5, Estimated Cost: 0.000000
2026-09-08 17:08:52.553 Python[65523:13566519] Operation: ios18.gather, Device Usage: <MLGPUComputeDevice: 0x120eff4f0> Apple M5, Estimated Cost: 0.000395
2026-09-08 17:08:52.553 Python[65523:13566519] Operation: ios18.squeeze, Device Usage: <MLGPUComputeDevice: 0x120eff4f0> Apple M5, Estimated Cost: 0.000135
2026-09-08 17:08:52.553 Python[65523:13566519] Operation: ios18.reshape, Device Usage: <MLGPUComputeDevice: 0x120eff4f0> Apple M5, Estimated Cost: 0.000135
2026-09-08 17:08:52.553 Python[65523:13566519] Operation: ios18.transpose, Device Usage: <MLGPUComputeDevice: 0x120eff4f0> Apple M5, Estimated Cost: 0.000090
2026-09-08 17:08:52.553 Python[65523:13566519] Operation: ios18.reshape, Device Usage: <MLGPUComputeDevice: 0x120eff4f0> Apple M5, Estimated Cost: 0.000135
2026-09-08 17:08:52.554 Python[65523:13566519] Operation: ios18.transpose, Device Usage: <MLGPUComputeDevice: 0x120eff4f0> Apple M5, Estimated Cost: 0.000090
2026-09-08 17:08:52.554 Python[65523:13566519] Operation: ios18.mul, Device Usage: <MLGPUComputeDevice: 0x120eff4f0> Apple M5, Estimated Cost: 0.000165
2026-09-08 17:08:52.554 Python[65523:13566519] Operation: ios18.sqrt, Device Usage: <MLGPUComputeDevice: 0x120eff4f0> Apple M5, Estimated Cost: 0.000000
2026-09-08 17:08:52.554 Python[65523:13566519] Operation: ios18.real_div, Device Usage: <MLGPUComputeDevice: 0x120eff4f0> Apple M5, Estimated Cost: 0.000000
2026-09-08 17:08:52.554 Python[65523:13566519] Operation: ios18.sqrt, Device Usage: <MLGPUComputeDevice: 0x120eff4f0> Apple M5, Estimated Cost: 0.000000
2026-09-08 17:08:52.554 Python[65523:13566519] Operation: ios18.cast, Device Usage: <MLGPUComputeDevice: 0x120eff4f0> Apple M5, Estimated Cost: 0.000000
2026-09-08 17:08:52.554 Python[65523:13566519] Operation: ios18.linear, Device Usage: <MLGPUComputeDevice: 0x120eff4f0> Apple M5, Estimated Cost: 0.000000
2026-09-08 17:08:52.554 Python[65523:13566519] Operation: ios18.real_div, Device Usage: <MLGPUComputeDevice: 0x120eff4f0> Apple M5, Estimated Cost: 0.000001
2026-09-08 17:08:52.554 Python[65523:13566519] Operation: ios18.erf, Device Usage: <MLGPUComputeDevice: 0x120eff4f0> Apple M5, Estimated Cost: 0.000001
2026-09-08 17:08:52.555 Python[65523:13566519] Operation: ios18.add, Device Usage: <MLGPUComputeDevice: 0x120eff4f0> Apple M5, Estimated Cost: 0.000001
2026-09-08 17:08:52.555 Python[65523:13566519] Operation: ios18.mul, Device Usage: <MLGPUComputeDevice: 0x120eff4f0> Apple M5, Estimated Cost: 0.000002
2026-09-08 17:08:52.555 Python[65523:13566519] Operation: ios18.mul, Device Usage: <MLGPUComputeDevice: 0x120eff4f0> Apple M5, Estimated Cost: 0.000001
2026-09-08 17:08:52.555 Python[65523:13566519] Operation: ios18.linear, Device Usage: <MLGPUComputeDevice: 0x120eff4f0> Apple M5, Estimated Cost: 0.000011
2026-09-08 17:08:52.555 Python[65523:13566519] Operation: ios18.expand_dims, Device Usage: <MLGPUComputeDevice: 0x120eff4f0> Apple M5, Estimated Cost: 0.000003
2026-09-08 17:08:52.555 Python[65523:13566519] Operation: ios18.add, Device Usage: <MLGPUComputeDevice: 0x120eff4f0> Apple M5, Estimated Cost: 0.000522
2026-09-08 17:08:52.555 Python[65523:13566519] Operation: ios18.layer_norm, Device Usage: <MLGPUComputeDevice: 0x120eff4f0> Apple M5, Estimated Cost: 0.000389
2026-09-08 17:08:52.555 Python[65523:13566519] Operation: ios18.transpose, Device Usage: <MLGPUComputeDevice: 0x120eff4f0> Apple M5, Estimated Cost: 0.000259
2026-09-08 17:08:52.555 Python[65523:13566519] Operation: ios18.reshape, Device Usage: <MLGPUComputeDevice: 0x120eff4f0> Apple M5, Estimated Cost: 0.000389
2026-09-08 17:08:52.555 Python[65523:13566519] Operation: ios18.linear, Device Usage: <MLGPUComputeDevice: 0x120eff4f0> Apple M5, Estimated Cost: 0.002009
2026-09-08 17:08:52.556 Python[65523:13566519] Operation: ios18.reshape, Device Usage: <MLGPUComputeDevice: 0x120eff4f0> Apple M5, Estimated Cost: 0.001168
2026-09-08 17:08:52.556 Python[65523:13566519] Operation: ios18.transpose, Device Usage: <MLGPUComputeDevice: 0x120eff4f0> Apple M5, Estimated Cost: 0.002614
2026-09-08 17:08:52.556 Python[65523:13566519] Operation: ios18.squeeze, Device Usage: <MLGPUComputeDevice: 0x120eff4f0> Apple M5, Estimated Cost: 0.001168
2026-09-08 17:08:52.556 Python[65523:13566519] Operation: ios18.reshape, Device Usage: <MLGPUComputeDevice: 0x120eff4f0> Apple M5, Estimated Cost: 0.000000
2026-09-08 17:08:52.561 Python[65523:13566519] Operation: ios18.gather, Device Usage: <MLGPUComputeDevice: 0x120eff4f0> Apple M5, Estimated Cost: 0.001705
2026-09-08 17:08:52.561 Python[65523:13566519] Operation: ios18.squeeze, Device Usage: <MLGPUComputeDevice: 0x120eff4f0> Apple M5, Estimated Cost: 0.000389
2026-09-08 17:08:52.561 Python[65523:13566519] Operation: ios18.reshape, Device Usage: <MLGPUComputeDevice: 0x120eff4f0> Apple M5, Estimated Cost: 0.000389
2026-09-08 17:08:52.561 Python[65523:13566519] Operation: ios18.transpose, Device Usage: <MLGPUComputeDevice: 0x120eff4f0> Apple M5, Estimated Cost: 0.000259
2026-09-08 17:08:52.562 Python[65523:13566519] Operation: ios18.reshape, Device Usage: <MLGPUComputeDevice: 0x120eff4f0> Apple M5, Estimated Cost: 0.000389
2026-09-08 17:08:52.562 Python[65523:13566519] Operation: ios18.transpose, Device Usage: <MLGPUComputeDevice: 0x120eff4f0> Apple M5, Estimated Cost: 0.000259
2026-09-08 17:08:52.562 Python[65523:13566519] Operation: ios18.mul, Device Usage: <MLGPUComputeDevice: 0x120eff4f0> Apple M5, Estimated Cost: 0.000474
2026-09-08 17:08:52.562 Python[65523:13566519] Operation: ios18.reshape, Device Usage: <MLGPUComputeDevice: 0x120eff4f0> Apple M5, Estimated Cost: 0.000000
2026-09-08 17:08:52.562 Python[65523:13566519] Operation: ios18.gather, Device Usage: <MLGPUComputeDevice: 0x120eff4f0> Apple M5, Estimated Cost: 0.001705
2026-09-08 17:08:52.562 Python[65523:13566519] Operation: ios18.squeeze, Device Usage: <MLGPUComputeDevice: 0x120eff4f0> Apple M5, Estimated Cost: 0.000389
2026-09-08 17:08:52.562 Python[65523:13566519] Operation: ios18.reshape, Device Usage: <MLGPUComputeDevice: 0x120eff4f0> Apple M5, Estimated Cost: 0.000389
2026-09-08 17:08:52.562 Python[65523:13566519] Operation: ios18.transpose, Device Usage: <MLGPUComputeDevice: 0x120eff4f0> Apple M5, Estimated Cost: 0.000259
2026-09-08 17:08:52.562 Python[65523:13566519] Operation: ios18.reshape, Device Usage: <MLGPUComputeDevice: 0x120eff4f0> Apple M5, Estimated Cost: 0.000389
2026-09-08 17:08:52.563 Python[65523:13566519] Operation: ios18.mul, Device Usage: <MLGPUComputeDevice: 0x120eff4f0> Apple M5, Estimated Cost: 0.000474
2026-09-08 17:08:52.563 Python[65523:13566519] Operation: ios18.matmul, Device Usage: <MLGPUComputeDevice: 0x120eff4f0> Apple M5, Estimated Cost: 0.000690
2026-09-08 17:08:52.563 Python[65523:13566519] Operation: ios18.softmax, Device Usage: <MLGPUComputeDevice: 0x120eff4f0> Apple M5, Estimated Cost: 0.000858
2026-09-08 17:08:52.563 Python[65523:13566519] Operation: ios18.reshape, Device Usage: <MLGPUComputeDevice: 0x120eff4f0> Apple M5, Estimated Cost: 0.000000
2026-09-08 17:08:52.563 Python[65523:13566519] Operation: ios18.gather, Device Usage: <MLGPUComputeDevice: 0x120eff4f0> Apple M5, Estimated Cost: 0.001705
2026-09-08 17:08:52.563 Python[65523:13566519] Operation: ios18.squeeze, Device Usage: <MLGPUComputeDevice: 0x120eff4f0> Apple M5, Estimated Cost: 0.000389
2026-09-08 17:08:52.563 Python[65523:13566519] Operation: ios18.reshape, Device Usage: <MLGPUComputeDevice: 0x120eff4f0> Apple M5, Estimated Cost: 0.000389
2026-09-08 17:08:52.563 Python[65523:13566519] Operation: ios18.transpose, Device Usage: <MLGPUComputeDevice: 0x120eff4f0> Apple M5, Estimated Cost: 0.000259
2026-09-08 17:08:52.563 Python[65523:13566519] Operation: ios18.reshape, Device Usage: <MLGPUComputeDevice: 0x120eff4f0> Apple M5, Estimated Cost: 0.000389
2026-09-08 17:08:52.563 Python[65523:13566519] Operation: ios18.matmul, Device Usage: <MLGPUComputeDevice: 0x120eff4f0> Apple M5, Estimated Cost: 0.000690
2026-09-08 17:08:52.564 Python[65523:13566519] Operation: ios18.transpose, Device Usage: <MLGPUComputeDevice: 0x120eff4f0> Apple M5, Estimated Cost: 0.000259
2026-09-08 17:08:52.564 Python[65523:13566519] Operation: ios18.reshape, Device Usage: <MLGPUComputeDevice: 0x120eff4f0> Apple M5, Estimated Cost: 0.000389
2026-09-08 17:08:52.564 Python[65523:13566519] Operation: ios18.linear, Device Usage: <MLGPUComputeDevice: 0x120eff4f0> Apple M5, Estimated Cost: 0.002009
2026-09-08 17:08:52.564 Python[65523:13566519] Operation: ios18.reshape, Device Usage: <MLGPUComputeDevice: 0x120eff4f0> Apple M5, Estimated Cost: 0.000389
2026-09-08 17:08:52.564 Python[65523:13566519] Operation: ios18.transpose, Device Usage: <MLGPUComputeDevice: 0x120eff4f0> Apple M5, Estimated Cost: 0.000259
2026-09-08 17:08:52.564 Python[65523:13566519] Operation: ios18.add, Device Usage: <MLGPUComputeDevice: 0x120eff4f0> Apple M5, Estimated Cost: 0.001037
2026-09-08 17:08:52.564 Python[65523:13566519] Operation: ios18.layer_norm, Device Usage: <MLGPUComputeDevice: 0x120eff4f0> Apple M5, Estimated Cost: 0.000389
2026-09-08 17:08:52.564 Python[65523:13566519] Operation: ios18.transpose, Device Usage: <MLGPUComputeDevice: 0x120eff4f0> Apple M5, Estimated Cost: 0.000259
2026-09-08 17:08:52.564 Python[65523:13566519] Operation: ios18.reshape, Device Usage: <MLGPUComputeDevice: 0x120eff4f0> Apple M5, Estimated Cost: 0.000389
2026-09-08 17:08:52.564 Python[65523:13566519] Operation: ios18.linear, Device Usage: <MLGPUComputeDevice: 0x120eff4f0> Apple M5, Estimated Cost: 0.002009
2026-09-08 17:08:52.565 Python[65523:13566519] Operation: ios18.reshape, Device Usage: <MLGPUComputeDevice: 0x120eff4f0> Apple M5, Estimated Cost: 0.000389
2026-09-08 17:08:52.565 Python[65523:13566519] Operation: ios18.transpose, Device Usage: <MLGPUComputeDevice: 0x120eff4f0> Apple M5, Estimated Cost: 0.000259
2026-09-08 17:08:52.565 Python[65523:13566519] Operation: ios18.reshape, Device Usage: <MLGPUComputeDevice: 0x120eff4f0> Apple M5, Estimated Cost: 0.000389
2026-09-08 17:08:52.565 Python[65523:13566519] Operation: ios18.mul, Device Usage: <MLGPUComputeDevice: 0x120eff4f0> Apple M5, Estimated Cost: 0.000474
2026-09-08 17:08:52.565 Python[65523:13566519] Operation: ios18.matmul, Device Usage: <MLGPUComputeDevice: 0x120eff4f0> Apple M5, Estimated Cost: 0.000240
2026-09-08 17:08:52.565 Python[65523:13566519] Operation: ios18.softmax, Device Usage: <MLGPUComputeDevice: 0x120eff4f0> Apple M5, Estimated Cost: 0.000298
2026-09-08 17:08:52.565 Python[65523:13566519] Operation: ios18.reshape, Device Usage: <MLGPUComputeDevice: 0x120eff4f0> Apple M5, Estimated Cost: 0.000000
2026-09-08 17:08:52.565 Python[65523:13566519] Operation: ios18.gather, Device Usage: <MLGPUComputeDevice: 0x120eff4f0> Apple M5, Estimated Cost: 0.000395
2026-09-08 17:08:52.565 Python[65523:13566519] Operation: ios18.squeeze, Device Usage: <MLGPUComputeDevice: 0x120eff4f0> Apple M5, Estimated Cost: 0.000135
2026-09-08 17:08:52.566 Python[65523:13566519] Operation: ios18.reshape, Device Usage: <MLGPUComputeDevice: 0x120eff4f0> Apple M5, Estimated Cost: 0.000135
2026-09-08 17:08:52.566 Python[65523:13566519] Operation: ios18.transpose, Device Usage: <MLGPUComputeDevice: 0x120eff4f0> Apple M5, Estimated Cost: 0.000090
2026-09-08 17:08:52.566 Python[65523:13566519] Operation: ios18.reshape, Device Usage: <MLGPUComputeDevice: 0x120eff4f0> Apple M5, Estimated Cost: 0.000135
2026-09-08 17:08:52.566 Python[65523:13566519] Operation: ios18.matmul, Device Usage: <MLGPUComputeDevice: 0x120eff4f0> Apple M5, Estimated Cost: 0.000240
2026-09-08 17:08:52.566 Python[65523:13566519] Operation: ios18.transpose, Device Usage: <MLGPUComputeDevice: 0x120eff4f0> Apple M5, Estimated Cost: 0.000259
2026-09-08 17:08:52.566 Python[65523:13566519] Operation: ios18.reshape, Device Usage: <MLGPUComputeDevice: 0x120eff4f0> Apple M5, Estimated Cost: 0.000389
2026-09-08 17:08:52.566 Python[65523:13566519] Operation: ios18.linear, Device Usage: <MLGPUComputeDevice: 0x120eff4f0> Apple M5, Estimated Cost: 0.002009
2026-09-08 17:08:52.566 Python[65523:13566519] Operation: ios18.reshape, Device Usage: <MLGPUComputeDevice: 0x120eff4f0> Apple M5, Estimated Cost: 0.000389
2026-09-08 17:08:52.566 Python[65523:13566519] Operation: ios18.transpose, Device Usage: <MLGPUComputeDevice: 0x120eff4f0> Apple M5, Estimated Cost: 0.000259
2026-09-08 17:08:52.566 Python[65523:13566519] Operation: ios18.add, Device Usage: <MLGPUComputeDevice: 0x120eff4f0> Apple M5, Estimated Cost: 0.001037
2026-09-08 17:08:52.566 Python[65523:13566519] Operation: ios18.layer_norm, Device Usage: <MLGPUComputeDevice: 0x120eff4f0> Apple M5, Estimated Cost: 0.000389
2026-09-08 17:08:52.567 Python[65523:13566519] Operation: ios18.reshape, Device Usage: <MLGPUComputeDevice: 0x120eff4f0> Apple M5, Estimated Cost: 0.000389
2026-09-08 17:08:52.567 Python[65523:13566519] Operation: ios18.linear, Device Usage: <MLGPUComputeDevice: 0x120eff4f0> Apple M5, Estimated Cost: 0.002009
2026-09-08 17:08:52.567 Python[65523:13566519] Operation: ios18.reshape, Device Usage: <MLGPUComputeDevice: 0x120eff4f0> Apple M5, Estimated Cost: 0.001557
2026-09-08 17:08:52.569 Python[65523:13566519] Operation: ios18.real_div, Device Usage: <MLGPUComputeDevice: 0x120eff4f0> Apple M5, Estimated Cost: 0.001557
2026-09-08 17:08:52.569 Python[65523:13566519] Operation: ios18.erf, Device Usage: <MLGPUComputeDevice: 0x120eff4f0> Apple M5, Estimated Cost: 0.001557
2026-09-08 17:08:52.569 Python[65523:13566519] Operation: ios18.add, Device Usage: <MLGPUComputeDevice: 0x120eff4f0> Apple M5, Estimated Cost: 0.002073
2026-09-08 17:08:52.569 Python[65523:13566519] Operation: ios18.mul, Device Usage: <MLGPUComputeDevice: 0x120eff4f0> Apple M5, Estimated Cost: 0.003789
2026-09-08 17:08:52.569 Python[65523:13566519] Operation: ios18.mul, Device Usage: <MLGPUComputeDevice: 0x120eff4f0> Apple M5, Estimated Cost: 0.001895
2026-09-08 17:08:52.569 Python[65523:13566519] Operation: ios18.reshape, Device Usage: <MLGPUComputeDevice: 0x120eff4f0> Apple M5, Estimated Cost: 0.001557
2026-09-08 17:08:52.569 Python[65523:13566519] Operation: ios18.linear, Device Usage: <MLGPUComputeDevice: 0x120eff4f0> Apple M5, Estimated Cost: 0.032147
2026-09-08 17:08:52.569 Python[65523:13566519] Operation: ios18.reshape, Device Usage: <MLGPUComputeDevice: 0x120eff4f0> Apple M5, Estimated Cost: 0.000389
2026-09-08 17:08:52.570 Python[65523:13566519] Operation: ios18.add, Device Usage: <MLGPUComputeDevice: 0x120eff4f0> Apple M5, Estimated Cost: 0.001037
2026-09-08 17:08:52.570 Python[65523:13566519] Operation: ios18.layer_norm, Device Usage: <MLGPUComputeDevice: 0x120eff4f0> Apple M5, Estimated Cost: 0.000389
2026-09-08 17:08:52.570 Python[65523:13566519] Operation: ios18.transpose, Device Usage: <MLGPUComputeDevice: 0x120eff4f0> Apple M5, Estimated Cost: 0.000259
2026-09-08 17:08:52.570 Python[65523:13566519] Operation: ios18.reshape, Device Usage: <MLGPUComputeDevice: 0x120eff4f0> Apple M5, Estimated Cost: 0.000389
2026-09-08 17:08:52.570 Python[65523:13566519] Operation: ios18.linear, Device Usage: <MLGPUComputeDevice: 0x120eff4f0> Apple M5, Estimated Cost: 0.002009
2026-09-08 17:08:52.570 Python[65523:13566519] Operation: ios18.reshape, Device Usage: <MLGPUComputeDevice: 0x120eff4f0> Apple M5, Estimated Cost: 0.001168
2026-09-08 17:08:52.570 Python[65523:13566519] Operation: ios18.transpose, Device Usage: <MLGPUComputeDevice: 0x120eff4f0> Apple M5, Estimated Cost: 0.002614
2026-09-08 17:08:52.570 Python[65523:13566519] Operation: ios18.squeeze, Device Usage: <MLGPUComputeDevice: 0x120eff4f0> Apple M5, Estimated Cost: 0.001168
2026-09-08 17:08:52.570 Python[65523:13566519] Operation: ios18.reshape, Device Usage: <MLGPUComputeDevice: 0x120eff4f0> Apple M5, Estimated Cost: 0.000000
2026-09-08 17:08:52.570 Python[65523:13566519] Operation: ios18.gather, Device Usage: <MLGPUComputeDevice: 0x120eff4f0> Apple M5, Estimated Cost: 0.001705
2026-09-08 17:08:52.570 Python[65523:13566519] Operation: ios18.squeeze, Device Usage: <MLGPUComputeDevice: 0x120eff4f0> Apple M5, Estimated Cost: 0.000389
2026-09-08 17:08:52.570 Python[65523:13566519] Operation: ios18.reshape, Device Usage: <MLGPUComputeDevice: 0x120eff4f0> Apple M5, Estimated Cost: 0.000389
2026-09-08 17:08:52.570 Python[65523:13566519] Operation: ios18.transpose, Device Usage: <MLGPUComputeDevice: 0x120eff4f0> Apple M5, Estimated Cost: 0.000259
2026-09-08 17:08:52.570 Python[65523:13566519] Operation: ios18.reshape, Device Usage: <MLGPUComputeDevice: 0x120eff4f0> Apple M5, Estimated Cost: 0.000389
2026-09-08 17:08:52.570 Python[65523:13566519] Operation: ios18.transpose, Device Usage: <MLGPUComputeDevice: 0x120eff4f0> Apple M5, Estimated Cost: 0.000259
2026-09-08 17:08:52.570 Python[65523:13566519] Operation: ios18.mul, Device Usage: <MLGPUComputeDevice: 0x120eff4f0> Apple M5, Estimated Cost: 0.000474
2026-09-08 17:08:52.570 Python[65523:13566519] Operation: ios18.reshape, Device Usage: <MLGPUComputeDevice: 0x120eff4f0> Apple M5, Estimated Cost: 0.000000
2026-09-08 17:08:52.570 Python[65523:13566519] Operation: ios18.gather, Device Usage: <MLGPUComputeDevice: 0x120eff4f0> Apple M5, Estimated Cost: 0.001705
2026-09-08 17:08:52.570 Python[65523:13566519] Operation: ios18.squeeze, Device Usage: <MLGPUComputeDevice: 0x120eff4f0> Apple M5, Estimated Cost: 0.000389
2026-09-08 17:08:52.571 Python[65523:13566519] Operation: ios18.reshape, Device Usage: <MLGPUComputeDevice: 0x120eff4f0> Apple M5, Estimated Cost: 0.000389
2026-09-08 17:08:52.571 Python[65523:13566519] Operation: ios18.transpose, Device Usage: <MLGPUComputeDevice: 0x120eff4f0> Apple M5, Estimated Cost: 0.000259
2026-09-08 17:08:52.571 Python[65523:13566519] Operation: ios18.reshape, Device Usage: <MLGPUComputeDevice: 0x120eff4f0> Apple M5, Estimated Cost: 0.000389
2026-09-08 17:08:52.571 Python[65523:13566519] Operation: ios18.mul, Device Usage: <MLGPUComputeDevice: 0x120eff4f0> Apple M5, Estimated Cost: 0.000474
2026-09-08 17:08:52.571 Python[65523:13566519] Operation: ios18.matmul, Device Usage: <MLGPUComputeDevice: 0x120eff4f0> Apple M5, Estimated Cost: 0.000690
2026-09-08 17:08:52.571 Python[65523:13566519] Operation: ios18.softmax, Device Usage: <MLGPUComputeDevice: 0x120eff4f0> Apple M5, Estimated Cost: 0.000858
2026-09-08 17:08:52.571 Python[65523:13566519] Operation: ios18.reshape, Device Usage: <MLGPUComputeDevice: 0x120eff4f0> Apple M5, Estimated Cost: 0.000000
2026-09-08 17:08:52.571 Python[65523:13566519] Operation: ios18.gather, Device Usage: <MLGPUComputeDevice: 0x120eff4f0> Apple M5, Estimated Cost: 0.001705
2026-09-08 17:08:52.571 Python[65523:13566519] Operation: ios18.squeeze, Device Usage: <MLGPUComputeDevice: 0x120eff4f0> Apple M5, Estimated Cost: 0.000389
2026-09-08 17:08:52.571 Python[65523:13566519] Operation: ios18.reshape, Device Usage: <MLGPUComputeDevice: 0x120eff4f0> Apple M5, Estimated Cost: 0.000389
2026-09-08 17:08:52.571 Python[65523:13566519] Operation: ios18.transpose, Device Usage: <MLGPUComputeDevice: 0x120eff4f0> Apple M5, Estimated Cost: 0.000259
2026-09-08 17:08:52.571 Python[65523:13566519] Operation: ios18.reshape, Device Usage: <MLGPUComputeDevice: 0x120eff4f0> Apple M5, Estimated Cost: 0.000389
2026-09-08 17:08:52.571 Python[65523:13566519] Operation: ios18.matmul, Device Usage: <MLGPUComputeDevice: 0x120eff4f0> Apple M5, Estimated Cost: 0.000690
2026-09-08 17:08:52.571 Python[65523:13566519] Operation: ios18.transpose, Device Usage: <MLGPUComputeDevice: 0x120eff4f0> Apple M5, Estimated Cost: 0.000259
2026-09-08 17:08:52.571 Python[65523:13566519] Operation: ios18.reshape, Device Usage: <MLGPUComputeDevice: 0x120eff4f0> Apple M5, Estimated Cost: 0.000389
2026-09-08 17:08:52.571 Python[65523:13566519] Operation: ios18.linear, Device Usage: <MLGPUComputeDevice: 0x120eff4f0> Apple M5, Estimated Cost: 0.002009
2026-09-08 17:08:52.571 Python[65523:13566519] Operation: ios18.reshape, Device Usage: <MLGPUComputeDevice: 0x120eff4f0> Apple M5, Estimated Cost: 0.000389
2026-09-08 17:08:52.571 Python[65523:13566519] Operation: ios18.transpose, Device Usage: <MLGPUComputeDevice: 0x120eff4f0> Apple M5, Estimated Cost: 0.000259
2026-09-08 17:08:52.571 Python[65523:13566519] Operation: ios18.add, Device Usage: <MLGPUComputeDevice: 0x120eff4f0> Apple M5, Estimated Cost: 0.001037
2026-09-08 17:08:52.571 Python[65523:13566519] Operation: ios18.layer_norm, Device Usage: <MLGPUComputeDevice: 0x120eff4f0> Apple M5, Estimated Cost: 0.000389
2026-09-08 17:08:52.571 Python[65523:13566519] Operation: ios18.transpose, Device Usage: <MLGPUComputeDevice: 0x120eff4f0> Apple M5, Estimated Cost: 0.000259
2026-09-08 17:08:52.571 Python[65523:13566519] Operation: ios18.reshape, Device Usage: <MLGPUComputeDevice: 0x120eff4f0> Apple M5, Estimated Cost: 0.000389
2026-09-08 17:08:52.572 Python[65523:13566519] Operation: ios18.linear, Device Usage: <MLGPUComputeDevice: 0x120eff4f0> Apple M5, Estimated Cost: 0.002009
2026-09-08 17:08:52.572 Python[65523:13566519] Operation: ios18.reshape, Device Usage: <MLGPUComputeDevice: 0x120eff4f0> Apple M5, Estimated Cost: 0.000389
2026-09-08 17:08:52.572 Python[65523:13566519] Operation: ios18.transpose, Device Usage: <MLGPUComputeDevice: 0x120eff4f0> Apple M5, Estimated Cost: 0.000259
2026-09-08 17:08:52.572 Python[65523:13566519] Operation: ios18.reshape, Device Usage: <MLGPUComputeDevice: 0x120eff4f0> Apple M5, Estimated Cost: 0.000389
2026-09-08 17:08:52.572 Python[65523:13566519] Operation: ios18.mul, Device Usage: <MLGPUComputeDevice: 0x120eff4f0> Apple M5, Estimated Cost: 0.000474
2026-09-08 17:08:52.572 Python[65523:13566519] Operation: ios18.matmul, Device Usage: <MLGPUComputeDevice: 0x120eff4f0> Apple M5, Estimated Cost: 0.000240
2026-09-08 17:08:52.572 Python[65523:13566519] Operation: ios18.softmax, Device Usage: <MLGPUComputeDevice: 0x120eff4f0> Apple M5, Estimated Cost: 0.000298
2026-09-08 17:08:52.572 Python[65523:13566519] Operation: ios18.reshape, Device Usage: <MLGPUComputeDevice: 0x120eff4f0> Apple M5, Estimated Cost: 0.000000
2026-09-08 17:08:52.572 Python[65523:13566519] Operation: ios18.gather, Device Usage: <MLGPUComputeDevice: 0x120eff4f0> Apple M5, Estimated Cost: 0.000395
2026-09-08 17:08:52.572 Python[65523:13566519] Operation: ios18.squeeze, Device Usage: <MLGPUComputeDevice: 0x120eff4f0> Apple M5, Estimated Cost: 0.000135
2026-09-08 17:08:52.572 Python[65523:13566519] Operation: ios18.reshape, Device Usage: <MLGPUComputeDevice: 0x120eff4f0> Apple M5, Estimated Cost: 0.000135
2026-09-08 17:08:52.572 Python[65523:13566519] Operation: ios18.transpose, Device Usage: <MLGPUComputeDevice: 0x120eff4f0> Apple M5, Estimated Cost: 0.000090
2026-09-08 17:08:52.572 Python[65523:13566519] Operation: ios18.reshape, Device Usage: <MLGPUComputeDevice: 0x120eff4f0> Apple M5, Estimated Cost: 0.000135
2026-09-08 17:08:52.572 Python[65523:13566519] Operation: ios18.matmul, Device Usage: <MLGPUComputeDevice: 0x120eff4f0> Apple M5, Estimated Cost: 0.000240
2026-09-08 17:08:52.572 Python[65523:13566519] Operation: ios18.transpose, Device Usage: <MLGPUComputeDevice: 0x120eff4f0> Apple M5, Estimated Cost: 0.000259
2026-09-08 17:08:52.572 Python[65523:13566519] Operation: ios18.reshape, Device Usage: <MLGPUComputeDevice: 0x120eff4f0> Apple M5, Estimated Cost: 0.000389
2026-09-08 17:08:52.572 Python[65523:13566519] Operation: ios18.linear, Device Usage: <MLGPUComputeDevice: 0x120eff4f0> Apple M5, Estimated Cost: 0.002009
2026-09-08 17:08:52.572 Python[65523:13566519] Operation: ios18.reshape, Device Usage: <MLGPUComputeDevice: 0x120eff4f0> Apple M5, Estimated Cost: 0.000389
2026-09-08 17:08:52.572 Python[65523:13566519] Operation: ios18.transpose, Device Usage: <MLGPUComputeDevice: 0x120eff4f0> Apple M5, Estimated Cost: 0.000259
2026-09-08 17:08:52.572 Python[65523:13566519] Operation: ios18.add, Device Usage: <MLGPUComputeDevice: 0x120eff4f0> Apple M5, Estimated Cost: 0.001037
2026-09-08 17:08:52.572 Python[65523:13566519] Operation: ios18.layer_norm, Device Usage: <MLGPUComputeDevice: 0x120eff4f0> Apple M5, Estimated Cost: 0.000389
2026-09-08 17:08:52.575 Python[65523:13566519] Operation: ios18.reshape, Device Usage: <MLGPUComputeDevice: 0x120eff4f0> Apple M5, Estimated Cost: 0.000389
2026-09-08 17:08:52.576 Python[65523:13566519] Operation: ios18.linear, Device Usage: <MLGPUComputeDevice: 0x120eff4f0> Apple M5, Estimated Cost: 0.002009
2026-09-08 17:08:52.576 Python[65523:13566519] Operation: ios18.reshape, Device Usage: <MLGPUComputeDevice: 0x120eff4f0> Apple M5, Estimated Cost: 0.001557
2026-09-08 17:08:52.576 Python[65523:13566519] Operation: ios18.real_div, Device Usage: <MLGPUComputeDevice: 0x120eff4f0> Apple M5, Estimated Cost: 0.001557
2026-09-08 17:08:52.576 Python[65523:13566519] Operation: ios18.erf, Device Usage: <MLGPUComputeDevice: 0x120eff4f0> Apple M5, Estimated Cost: 0.001557
2026-09-08 17:08:52.576 Python[65523:13566519] Operation: ios18.add, Device Usage: <MLGPUComputeDevice: 0x120eff4f0> Apple M5, Estimated Cost: 0.002073
2026-09-08 17:08:52.576 Python[65523:13566519] Operation: ios18.mul, Device Usage: <MLGPUComputeDevice: 0x120eff4f0> Apple M5, Estimated Cost: 0.003789
2026-09-08 17:08:52.576 Python[65523:13566519] Operation: ios18.mul, Device Usage: <MLGPUComputeDevice: 0x120eff4f0> Apple M5, Estimated Cost: 0.001895
2026-09-08 17:08:52.576 Python[65523:13566519] Operation: ios18.reshape, Device Usage: <MLGPUComputeDevice: 0x120eff4f0> Apple M5, Estimated Cost: 0.001557
2026-09-08 17:08:52.576 Python[65523:13566519] Operation: ios18.linear, Device Usage: <MLGPUComputeDevice: 0x120eff4f0> Apple M5, Estimated Cost: 0.032147
2026-09-08 17:08:52.576 Python[65523:13566519] Operation: ios18.reshape, Device Usage: <MLGPUComputeDevice: 0x120eff4f0> Apple M5, Estimated Cost: 0.000389
2026-09-08 17:08:52.576 Python[65523:13566519] Operation: ios18.add, Device Usage: <MLGPUComputeDevice: 0x120eff4f0> Apple M5, Estimated Cost: 0.001037
2026-09-08 17:08:52.576 Python[65523:13566519] Operation: ios18.layer_norm, Device Usage: <MLGPUComputeDevice: 0x120eff4f0> Apple M5, Estimated Cost: 0.000389
2026-09-08 17:08:52.576 Python[65523:13566519] Operation: ios18.transpose, Device Usage: <MLGPUComputeDevice: 0x120eff4f0> Apple M5, Estimated Cost: 0.000259
2026-09-08 17:08:52.576 Python[65523:13566519] Operation: ios18.reshape, Device Usage: <MLGPUComputeDevice: 0x120eff4f0> Apple M5, Estimated Cost: 0.000389
2026-09-08 17:08:52.576 Python[65523:13566519] Operation: ios18.linear, Device Usage: <MLGPUComputeDevice: 0x120eff4f0> Apple M5, Estimated Cost: 0.002009
2026-09-08 17:08:52.576 Python[65523:13566519] Operation: ios18.reshape, Device Usage: <MLGPUComputeDevice: 0x120eff4f0> Apple M5, Estimated Cost: 0.001168
2026-09-08 17:08:52.576 Python[65523:13566519] Operation: ios18.transpose, Device Usage: <MLGPUComputeDevice: 0x120eff4f0> Apple M5, Estimated Cost: 0.002614
2026-09-08 17:08:52.576 Python[65523:13566519] Operation: ios18.squeeze, Device Usage: <MLGPUComputeDevice: 0x120eff4f0> Apple M5, Estimated Cost: 0.001168
2026-09-08 17:08:52.576 Python[65523:13566519] Operation: ios18.reshape, Device Usage: <MLGPUComputeDevice: 0x120eff4f0> Apple M5, Estimated Cost: 0.000000
2026-09-08 17:08:52.576 Python[65523:13566519] Operation: ios18.gather, Device Usage: <MLGPUComputeDevice: 0x120eff4f0> Apple M5, Estimated Cost: 0.001705
2026-09-08 17:08:52.576 Python[65523:13566519] Operation: ios18.squeeze, Device Usage: <MLGPUComputeDevice: 0x120eff4f0> Apple M5, Estimated Cost: 0.000389
2026-09-08 17:08:52.576 Python[65523:13566519] Operation: ios18.reshape, Device Usage: <MLGPUComputeDevice: 0x120eff4f0> Apple M5, Estimated Cost: 0.000389
2026-09-08 17:08:52.577 Python[65523:13566519] Operation: ios18.transpose, Device Usage: <MLGPUComputeDevice: 0x120eff4f0> Apple M5, Estimated Cost: 0.000259
2026-09-08 17:08:52.577 Python[65523:13566519] Operation: ios18.reshape, Device Usage: <MLGPUComputeDevice: 0x120eff4f0> Apple M5, Estimated Cost: 0.000389
2026-09-08 17:08:52.577 Python[65523:13566519] Operation: ios18.transpose, Device Usage: <MLGPUComputeDevice: 0x120eff4f0> Apple M5, Estimated Cost: 0.000259
2026-09-08 17:08:52.577 Python[65523:13566519] Operation: ios18.mul, Device Usage: <MLGPUComputeDevice: 0x120eff4f0> Apple M5, Estimated Cost: 0.000474
2026-09-08 17:08:52.577 Python[65523:13566519] Operation: ios18.reshape, Device Usage: <MLGPUComputeDevice: 0x120eff4f0> Apple M5, Estimated Cost: 0.000000
2026-09-08 17:08:52.577 Python[65523:13566519] Operation: ios18.gather, Device Usage: <MLGPUComputeDevice: 0x120eff4f0> Apple M5, Estimated Cost: 0.001705
2026-09-08 17:08:52.577 Python[65523:13566519] Operation: ios18.squeeze, Device Usage: <MLGPUComputeDevice: 0x120eff4f0> Apple M5, Estimated Cost: 0.000389
2026-09-08 17:08:52.577 Python[65523:13566519] Operation: ios18.reshape, Device Usage: <MLGPUComputeDevice: 0x120eff4f0> Apple M5, Estimated Cost: 0.000389
2026-09-08 17:08:52.577 Python[65523:13566519] Operation: ios18.transpose, Device Usage: <MLGPUComputeDevice: 0x120eff4f0> Apple M5, Estimated Cost: 0.000259
2026-09-08 17:08:52.577 Python[65523:13566519] Operation: ios18.reshape, Device Usage: <MLGPUComputeDevice: 0x120eff4f0> Apple M5, Estimated Cost: 0.000389
2026-09-08 17:08:52.577 Python[65523:13566519] Operation: ios18.mul, Device Usage: <MLGPUComputeDevice: 0x120eff4f0> Apple M5, Estimated Cost: 0.000474
2026-09-08 17:08:52.577 Python[65523:13566519] Operation: ios18.matmul, Device Usage: <MLGPUComputeDevice: 0x120eff4f0> Apple M5, Estimated Cost: 0.000690
2026-09-08 17:08:52.577 Python[65523:13566519] Operation: ios18.softmax, Device Usage: <MLGPUComputeDevice: 0x120eff4f0> Apple M5, Estimated Cost: 0.000858
2026-09-08 17:08:52.577 Python[65523:13566519] Operation: ios18.reshape, Device Usage: <MLGPUComputeDevice: 0x120eff4f0> Apple M5, Estimated Cost: 0.000000
2026-09-08 17:08:52.577 Python[65523:13566519] Operation: ios18.gather, Device Usage: <MLGPUComputeDevice: 0x120eff4f0> Apple M5, Estimated Cost: 0.001705
2026-09-08 17:08:52.577 Python[65523:13566519] Operation: ios18.squeeze, Device Usage: <MLGPUComputeDevice: 0x120eff4f0> Apple M5, Estimated Cost: 0.000389
2026-09-08 17:08:52.577 Python[65523:13566519] Operation: ios18.reshape, Device Usage: <MLGPUComputeDevice: 0x120eff4f0> Apple M5, Estimated Cost: 0.000389
2026-09-08 17:08:52.577 Python[65523:13566519] Operation: ios18.transpose, Device Usage: <MLGPUComputeDevice: 0x120eff4f0> Apple M5, Estimated Cost: 0.000259
2026-09-08 17:08:52.577 Python[65523:13566519] Operation: ios18.reshape, Device Usage: <MLGPUComputeDevice: 0x120eff4f0> Apple M5, Estimated Cost: 0.000389
2026-09-08 17:08:52.577 Python[65523:13566519] Operation: ios18.matmul, Device Usage: <MLGPUComputeDevice: 0x120eff4f0> Apple M5, Estimated Cost: 0.000690
2026-09-08 17:08:52.577 Python[65523:13566519] Operation: ios18.transpose, Device Usage: <MLGPUComputeDevice: 0x120eff4f0> Apple M5, Estimated Cost: 0.000259
2026-09-08 17:08:52.578 Python[65523:13566519] Operation: ios18.reshape, Device Usage: <MLGPUComputeDevice: 0x120eff4f0> Apple M5, Estimated Cost: 0.000389
2026-09-08 17:08:52.578 Python[65523:13566519] Operation: ios18.linear, Device Usage: <MLGPUComputeDevice: 0x120eff4f0> Apple M5, Estimated Cost: 0.002009
2026-09-08 17:08:52.578 Python[65523:13566519] Operation: ios18.reshape, Device Usage: <MLGPUComputeDevice: 0x120eff4f0> Apple M5, Estimated Cost: 0.000389
2026-09-08 17:08:52.578 Python[65523:13566519] Operation: ios18.transpose, Device Usage: <MLGPUComputeDevice: 0x120eff4f0> Apple M5, Estimated Cost: 0.000259
2026-09-08 17:08:52.578 Python[65523:13566519] Operation: ios18.add, Device Usage: <MLGPUComputeDevice: 0x120eff4f0> Apple M5, Estimated Cost: 0.001037
2026-09-08 17:08:52.578 Python[65523:13566519] Operation: ios18.layer_norm, Device Usage: <MLGPUComputeDevice: 0x120eff4f0> Apple M5, Estimated Cost: 0.000389
2026-09-08 17:08:52.578 Python[65523:13566519] Operation: ios18.transpose, Device Usage: <MLGPUComputeDevice: 0x120eff4f0> Apple M5, Estimated Cost: 0.000259
2026-09-08 17:08:52.578 Python[65523:13566519] Operation: ios18.reshape, Device Usage: <MLGPUComputeDevice: 0x120eff4f0> Apple M5, Estimated Cost: 0.000389
2026-09-08 17:08:52.578 Python[65523:13566519] Operation: ios18.linear, Device Usage: <MLGPUComputeDevice: 0x120eff4f0> Apple M5, Estimated Cost: 0.002009
2026-09-08 17:08:52.578 Python[65523:13566519] Operation: ios18.reshape, Device Usage: <MLGPUComputeDevice: 0x120eff4f0> Apple M5, Estimated Cost: 0.000389
2026-09-08 17:08:52.578 Python[65523:13566519] Operation: ios18.transpose, Device Usage: <MLGPUComputeDevice: 0x120eff4f0> Apple M5, Estimated Cost: 0.000259
2026-09-08 17:08:52.578 Python[65523:13566519] Operation: ios18.reshape, Device Usage: <MLGPUComputeDevice: 0x120eff4f0> Apple M5, Estimated Cost: 0.000389
2026-09-08 17:08:52.578 Python[65523:13566519] Operation: ios18.mul, Device Usage: <MLGPUComputeDevice: 0x120eff4f0> Apple M5, Estimated Cost: 0.000474
2026-09-08 17:08:52.578 Python[65523:13566519] Operation: ios18.matmul, Device Usage: <MLGPUComputeDevice: 0x120eff4f0> Apple M5, Estimated Cost: 0.000240
2026-09-08 17:08:52.578 Python[65523:13566519] Operation: ios18.softmax, Device Usage: <MLGPUComputeDevice: 0x120eff4f0> Apple M5, Estimated Cost: 0.000298
2026-09-08 17:08:52.578 Python[65523:13566519] Operation: ios18.reshape, Device Usage: <MLGPUComputeDevice: 0x120eff4f0> Apple M5, Estimated Cost: 0.000000
2026-09-08 17:08:52.578 Python[65523:13566519] Operation: ios18.gather, Device Usage: <MLGPUComputeDevice: 0x120eff4f0> Apple M5, Estimated Cost: 0.000395
2026-09-08 17:08:52.578 Python[65523:13566519] Operation: ios18.squeeze, Device Usage: <MLGPUComputeDevice: 0x120eff4f0> Apple M5, Estimated Cost: 0.000135
2026-09-08 17:08:52.578 Python[65523:13566519] Operation: ios18.reshape, Device Usage: <MLGPUComputeDevice: 0x120eff4f0> Apple M5, Estimated Cost: 0.000135
2026-09-08 17:08:52.578 Python[65523:13566519] Operation: ios18.transpose, Device Usage: <MLGPUComputeDevice: 0x120eff4f0> Apple M5, Estimated Cost: 0.000090
2026-09-08 17:08:52.578 Python[65523:13566519] Operation: ios18.reshape, Device Usage: <MLGPUComputeDevice: 0x120eff4f0> Apple M5, Estimated Cost: 0.000135
2026-09-08 17:08:52.578 Python[65523:13566519] Operation: ios18.matmul, Device Usage: <MLGPUComputeDevice: 0x120eff4f0> Apple M5, Estimated Cost: 0.000240
2026-09-08 17:08:52.578 Python[65523:13566519] Operation: ios18.transpose, Device Usage: <MLGPUComputeDevice: 0x120eff4f0> Apple M5, Estimated Cost: 0.000259
2026-09-08 17:08:52.579 Python[65523:13566519] Operation: ios18.reshape, Device Usage: <MLGPUComputeDevice: 0x120eff4f0> Apple M5, Estimated Cost: 0.000389
2026-09-08 17:08:52.579 Python[65523:13566519] Operation: ios18.linear, Device Usage: <MLGPUComputeDevice: 0x120eff4f0> Apple M5, Estimated Cost: 0.002009
2026-09-08 17:08:52.579 Python[65523:13566519] Operation: ios18.reshape, Device Usage: <MLGPUComputeDevice: 0x120eff4f0> Apple M5, Estimated Cost: 0.000389
2026-09-08 17:08:52.579 Python[65523:13566519] Operation: ios18.transpose, Device Usage: <MLGPUComputeDevice: 0x120eff4f0> Apple M5, Estimated Cost: 0.000259
2026-09-08 17:08:52.579 Python[65523:13566519] Operation: ios18.add, Device Usage: <MLGPUComputeDevice: 0x120eff4f0> Apple M5, Estimated Cost: 0.001037
2026-09-08 17:08:52.579 Python[65523:13566519] Operation: ios18.layer_norm, Device Usage: <MLGPUComputeDevice: 0x120eff4f0> Apple M5, Estimated Cost: 0.000389
2026-09-08 17:08:52.579 Python[65523:13566519] Operation: ios18.reshape, Device Usage: <MLGPUComputeDevice: 0x120eff4f0> Apple M5, Estimated Cost: 0.000389
2026-09-08 17:08:52.579 Python[65523:13566519] Operation: ios18.linear, Device Usage: <MLGPUComputeDevice: 0x120eff4f0> Apple M5, Estimated Cost: 0.002009
2026-09-08 17:08:52.579 Python[65523:13566519] Operation: ios18.reshape, Device Usage: <MLGPUComputeDevice: 0x120eff4f0> Apple M5, Estimated Cost: 0.001557
2026-09-08 17:08:52.579 Python[65523:13566519] Operation: ios18.real_div, Device Usage: <MLGPUComputeDevice: 0x120eff4f0> Apple M5, Estimated Cost: 0.001557
2026-09-08 17:08:52.579 Python[65523:13566519] Operation: ios18.erf, Device Usage: <MLGPUComputeDevice: 0x120eff4f0> Apple M5, Estimated Cost: 0.001557
2026-09-08 17:08:52.579 Python[65523:13566519] Operation: ios18.add, Device Usage: <MLGPUComputeDevice: 0x120eff4f0> Apple M5, Estimated Cost: 0.002073
2026-09-08 17:08:52.579 Python[65523:13566519] Operation: ios18.mul, Device Usage: <MLGPUComputeDevice: 0x120eff4f0> Apple M5, Estimated Cost: 0.003789
2026-09-08 17:08:52.579 Python[65523:13566519] Operation: ios18.mul, Device Usage: <MLGPUComputeDevice: 0x120eff4f0> Apple M5, Estimated Cost: 0.001895
2026-09-08 17:08:52.579 Python[65523:13566519] Operation: ios18.reshape, Device Usage: <MLGPUComputeDevice: 0x120eff4f0> Apple M5, Estimated Cost: 0.001557
2026-09-08 17:08:52.579 Python[65523:13566519] Operation: ios18.linear, Device Usage: <MLGPUComputeDevice: 0x120eff4f0> Apple M5, Estimated Cost: 0.032147
2026-09-08 17:08:52.579 Python[65523:13566519] Operation: ios18.reshape, Device Usage: <MLGPUComputeDevice: 0x120eff4f0> Apple M5, Estimated Cost: 0.000389
2026-09-08 17:08:52.579 Python[65523:13566519] Operation: ios18.add, Device Usage: <MLGPUComputeDevice: 0x120eff4f0> Apple M5, Estimated Cost: 0.001037
2026-09-08 17:08:52.579 Python[65523:13566519] Operation: ios18.layer_norm, Device Usage: <MLGPUComputeDevice: 0x120eff4f0> Apple M5, Estimated Cost: 0.000389
2026-09-08 17:08:52.579 Python[65523:13566519] Operation: ios18.transpose, Device Usage: <MLGPUComputeDevice: 0x120eff4f0> Apple M5, Estimated Cost: 0.000259
2026-09-08 17:08:52.579 Python[65523:13566519] Operation: ios18.reshape, Device Usage: <MLGPUComputeDevice: 0x120eff4f0> Apple M5, Estimated Cost: 0.000389
2026-09-08 17:08:52.579 Python[65523:13566519] Operation: ios18.linear, Device Usage: <MLGPUComputeDevice: 0x120eff4f0> Apple M5, Estimated Cost: 0.002009
2026-09-08 17:08:52.579 Python[65523:13566519] Operation: ios18.reshape, Device Usage: <MLGPUComputeDevice: 0x120eff4f0> Apple M5, Estimated Cost: 0.001168
2026-09-08 17:08:52.580 Python[65523:13566519] Operation: ios18.transpose, Device Usage: <MLGPUComputeDevice: 0x120eff4f0> Apple M5, Estimated Cost: 0.002614
2026-09-08 17:08:52.580 Python[65523:13566519] Operation: ios18.squeeze, Device Usage: <MLGPUComputeDevice: 0x120eff4f0> Apple M5, Estimated Cost: 0.001168
2026-09-08 17:08:52.580 Python[65523:13566519] Operation: ios18.reshape, Device Usage: <MLGPUComputeDevice: 0x120eff4f0> Apple M5, Estimated Cost: 0.000000
2026-09-08 17:08:52.580 Python[65523:13566519] Operation: ios18.gather, Device Usage: <MLGPUComputeDevice: 0x120eff4f0> Apple M5, Estimated Cost: 0.001705
2026-09-08 17:08:52.580 Python[65523:13566519] Operation: ios18.squeeze, Device Usage: <MLGPUComputeDevice: 0x120eff4f0> Apple M5, Estimated Cost: 0.000389
2026-09-08 17:08:52.580 Python[65523:13566519] Operation: ios18.reshape, Device Usage: <MLGPUComputeDevice: 0x120eff4f0> Apple M5, Estimated Cost: 0.000389
2026-09-08 17:08:52.580 Python[65523:13566519] Operation: ios18.transpose, Device Usage: <MLGPUComputeDevice: 0x120eff4f0> Apple M5, Estimated Cost: 0.000259
2026-09-08 17:08:52.580 Python[65523:13566519] Operation: ios18.reshape, Device Usage: <MLGPUComputeDevice: 0x120eff4f0> Apple M5, Estimated Cost: 0.000389
2026-09-08 17:08:52.580 Python[65523:13566519] Operation: ios18.transpose, Device Usage: <MLGPUComputeDevice: 0x120eff4f0> Apple M5, Estimated Cost: 0.000259
2026-09-08 17:08:52.580 Python[65523:13566519] Operation: ios18.mul, Device Usage: <MLGPUComputeDevice: 0x120eff4f0> Apple M5, Estimated Cost: 0.000474
2026-09-08 17:08:52.580 Python[65523:13566519] Operation: ios18.reshape, Device Usage: <MLGPUComputeDevice: 0x120eff4f0> Apple M5, Estimated Cost: 0.000000
2026-09-08 17:08:52.580 Python[65523:13566519] Operation: ios18.gather, Device Usage: <MLGPUComputeDevice: 0x120eff4f0> Apple M5, Estimated Cost: 0.001705
2026-09-08 17:08:52.580 Python[65523:13566519] Operation: ios18.squeeze, Device Usage: <MLGPUComputeDevice: 0x120eff4f0> Apple M5, Estimated Cost: 0.000389
2026-09-08 17:08:52.580 Python[65523:13566519] Operation: ios18.reshape, Device Usage: <MLGPUComputeDevice: 0x120eff4f0> Apple M5, Estimated Cost: 0.000389
2026-09-08 17:08:52.580 Python[65523:13566519] Operation: ios18.transpose, Device Usage: <MLGPUComputeDevice: 0x120eff4f0> Apple M5, Estimated Cost: 0.000259
2026-09-08 17:08:52.580 Python[65523:13566519] Operation: ios18.reshape, Device Usage: <MLGPUComputeDevice: 0x120eff4f0> Apple M5, Estimated Cost: 0.000389
2026-09-08 17:08:52.580 Python[65523:13566519] Operation: ios18.mul, Device Usage: <MLGPUComputeDevice: 0x120eff4f0> Apple M5, Estimated Cost: 0.000474
2026-09-08 17:08:52.580 Python[65523:13566519] Operation: ios18.matmul, Device Usage: <MLGPUComputeDevice: 0x120eff4f0> Apple M5, Estimated Cost: 0.000690
2026-09-08 17:08:52.580 Python[65523:13566519] Operation: ios18.softmax, Device Usage: <MLGPUComputeDevice: 0x120eff4f0> Apple M5, Estimated Cost: 0.000858
2026-09-08 17:08:52.580 Python[65523:13566519] Operation: ios18.reshape, Device Usage: <MLGPUComputeDevice: 0x120eff4f0> Apple M5, Estimated Cost: 0.000000
2026-09-08 17:08:52.580 Python[65523:13566519] Operation: ios18.gather, Device Usage: <MLGPUComputeDevice: 0x120eff4f0> Apple M5, Estimated Cost: 0.001705
2026-09-08 17:08:52.581 Python[65523:13566519] Operation: ios18.squeeze, Device Usage: <MLGPUComputeDevice: 0x120eff4f0> Apple M5, Estimated Cost: 0.000389
2026-09-08 17:08:52.581 Python[65523:13566519] Operation: ios18.reshape, Device Usage: <MLGPUComputeDevice: 0x120eff4f0> Apple M5, Estimated Cost: 0.000389
2026-09-08 17:08:52.581 Python[65523:13566519] Operation: ios18.transpose, Device Usage: <MLGPUComputeDevice: 0x120eff4f0> Apple M5, Estimated Cost: 0.000259
2026-09-08 17:08:52.581 Python[65523:13566519] Operation: ios18.reshape, Device Usage: <MLGPUComputeDevice: 0x120eff4f0> Apple M5, Estimated Cost: 0.000389
2026-09-08 17:08:52.581 Python[65523:13566519] Operation: ios18.matmul, Device Usage: <MLGPUComputeDevice: 0x120eff4f0> Apple M5, Estimated Cost: 0.000690
2026-09-08 17:08:52.581 Python[65523:13566519] Operation: ios18.transpose, Device Usage: <MLGPUComputeDevice: 0x120eff4f0> Apple M5, Estimated Cost: 0.000259
2026-09-08 17:08:52.581 Python[65523:13566519] Operation: ios18.reshape, Device Usage: <MLGPUComputeDevice: 0x120eff4f0> Apple M5, Estimated Cost: 0.000389
2026-09-08 17:08:52.581 Python[65523:13566519] Operation: ios18.linear, Device Usage: <MLGPUComputeDevice: 0x120eff4f0> Apple M5, Estimated Cost: 0.002009
2026-09-08 17:08:52.581 Python[65523:13566519] Operation: ios18.reshape, Device Usage: <MLGPUComputeDevice: 0x120eff4f0> Apple M5, Estimated Cost: 0.000389
2026-09-08 17:08:52.581 Python[65523:13566519] Operation: ios18.transpose, Device Usage: <MLGPUComputeDevice: 0x120eff4f0> Apple M5, Estimated Cost: 0.000259
2026-09-08 17:08:52.581 Python[65523:13566519] Operation: ios18.add, Device Usage: <MLGPUComputeDevice: 0x120eff4f0> Apple M5, Estimated Cost: 0.001037
2026-09-08 17:08:52.581 Python[65523:13566519] Operation: ios18.layer_norm, Device Usage: <MLGPUComputeDevice: 0x120eff4f0> Apple M5, Estimated Cost: 0.000389
2026-09-08 17:08:52.581 Python[65523:13566519] Operation: ios18.transpose, Device Usage: <MLGPUComputeDevice: 0x120eff4f0> Apple M5, Estimated Cost: 0.000259
2026-09-08 17:08:52.581 Python[65523:13566519] Operation: ios18.reshape, Device Usage: <MLGPUComputeDevice: 0x120eff4f0> Apple M5, Estimated Cost: 0.000389
2026-09-08 17:08:52.581 Python[65523:13566519] Operation: ios18.linear, Device Usage: <MLGPUComputeDevice: 0x120eff4f0> Apple M5, Estimated Cost: 0.002009
2026-09-08 17:08:52.581 Python[65523:13566519] Operation: ios18.reshape, Device Usage: <MLGPUComputeDevice: 0x120eff4f0> Apple M5, Estimated Cost: 0.000389
2026-09-08 17:08:52.581 Python[65523:13566519] Operation: ios18.transpose, Device Usage: <MLGPUComputeDevice: 0x120eff4f0> Apple M5, Estimated Cost: 0.000259
2026-09-08 17:08:52.581 Python[65523:13566519] Operation: ios18.reshape, Device Usage: <MLGPUComputeDevice: 0x120eff4f0> Apple M5, Estimated Cost: 0.000389
2026-09-08 17:08:52.581 Python[65523:13566519] Operation: ios18.mul, Device Usage: <MLGPUComputeDevice: 0x120eff4f0> Apple M5, Estimated Cost: 0.000474
2026-09-08 17:08:52.581 Python[65523:13566519] Operation: ios18.matmul, Device Usage: <MLGPUComputeDevice: 0x120eff4f0> Apple M5, Estimated Cost: 0.000240
2026-09-08 17:08:52.581 Python[65523:13566519] Operation: ios18.softmax, Device Usage: <MLGPUComputeDevice: 0x120eff4f0> Apple M5, Estimated Cost: 0.000298
2026-09-08 17:08:52.581 Python[65523:13566519] Operation: ios18.reshape, Device Usage: <MLGPUComputeDevice: 0x120eff4f0> Apple M5, Estimated Cost: 0.000000
2026-09-08 17:08:52.581 Python[65523:13566519] Operation: ios18.gather, Device Usage: <MLGPUComputeDevice: 0x120eff4f0> Apple M5, Estimated Cost: 0.000395
2026-09-08 17:08:52.581 Python[65523:13566519] Operation: ios18.squeeze, Device Usage: <MLGPUComputeDevice: 0x120eff4f0> Apple M5, Estimated Cost: 0.000135
2026-09-08 17:08:52.582 Python[65523:13566519] Operation: ios18.reshape, Device Usage: <MLGPUComputeDevice: 0x120eff4f0> Apple M5, Estimated Cost: 0.000135
2026-09-08 17:08:52.582 Python[65523:13566519] Operation: ios18.transpose, Device Usage: <MLGPUComputeDevice: 0x120eff4f0> Apple M5, Estimated Cost: 0.000090
2026-09-08 17:08:52.582 Python[65523:13566519] Operation: ios18.reshape, Device Usage: <MLGPUComputeDevice: 0x120eff4f0> Apple M5, Estimated Cost: 0.000135
2026-09-08 17:08:52.582 Python[65523:13566519] Operation: ios18.matmul, Device Usage: <MLGPUComputeDevice: 0x120eff4f0> Apple M5, Estimated Cost: 0.000240
2026-09-08 17:08:52.582 Python[65523:13566519] Operation: ios18.transpose, Device Usage: <MLGPUComputeDevice: 0x120eff4f0> Apple M5, Estimated Cost: 0.000259
2026-09-08 17:08:52.582 Python[65523:13566519] Operation: ios18.reshape, Device Usage: <MLGPUComputeDevice: 0x120eff4f0> Apple M5, Estimated Cost: 0.000389
2026-09-08 17:08:52.582 Python[65523:13566519] Operation: ios18.linear, Device Usage: <MLGPUComputeDevice: 0x120eff4f0> Apple M5, Estimated Cost: 0.002009
2026-09-08 17:08:52.582 Python[65523:13566519] Operation: ios18.reshape, Device Usage: <MLGPUComputeDevice: 0x120eff4f0> Apple M5, Estimated Cost: 0.000389
2026-09-08 17:08:52.582 Python[65523:13566519] Operation: ios18.transpose, Device Usage: <MLGPUComputeDevice: 0x120eff4f0> Apple M5, Estimated Cost: 0.000259
2026-09-08 17:08:52.582 Python[65523:13566519] Operation: ios18.add, Device Usage: <MLGPUComputeDevice: 0x120eff4f0> Apple M5, Estimated Cost: 0.001037
2026-09-08 17:08:52.582 Python[65523:13566519] Operation: ios18.layer_norm, Device Usage: <MLGPUComputeDevice: 0x120eff4f0> Apple M5, Estimated Cost: 0.000389
2026-09-08 17:08:52.582 Python[65523:13566519] Operation: ios18.reshape, Device Usage: <MLGPUComputeDevice: 0x120eff4f0> Apple M5, Estimated Cost: 0.000389
2026-09-08 17:08:52.582 Python[65523:13566519] Operation: ios18.linear, Device Usage: <MLGPUComputeDevice: 0x120eff4f0> Apple M5, Estimated Cost: 0.002009
2026-09-08 17:08:52.582 Python[65523:13566519] Operation: ios18.reshape, Device Usage: <MLGPUComputeDevice: 0x120eff4f0> Apple M5, Estimated Cost: 0.001557
2026-09-08 17:08:52.582 Python[65523:13566519] Operation: ios18.real_div, Device Usage: <MLGPUComputeDevice: 0x120eff4f0> Apple M5, Estimated Cost: 0.001557
2026-09-08 17:08:52.582 Python[65523:13566519] Operation: ios18.erf, Device Usage: <MLGPUComputeDevice: 0x120eff4f0> Apple M5, Estimated Cost: 0.001557
2026-09-08 17:08:52.582 Python[65523:13566519] Operation: ios18.add, Device Usage: <MLGPUComputeDevice: 0x120eff4f0> Apple M5, Estimated Cost: 0.002073
2026-09-08 17:08:52.582 Python[65523:13566519] Operation: ios18.mul, Device Usage: <MLGPUComputeDevice: 0x120eff4f0> Apple M5, Estimated Cost: 0.003789
2026-09-08 17:08:52.582 Python[65523:13566519] Operation: ios18.mul, Device Usage: <MLGPUComputeDevice: 0x120eff4f0> Apple M5, Estimated Cost: 0.001895
2026-09-08 17:08:52.582 Python[65523:13566519] Operation: ios18.reshape, Device Usage: <MLGPUComputeDevice: 0x120eff4f0> Apple M5, Estimated Cost: 0.001557
2026-09-08 17:08:52.582 Python[65523:13566519] Operation: ios18.linear, Device Usage: <MLGPUComputeDevice: 0x120eff4f0> Apple M5, Estimated Cost: 0.032147
2026-09-08 17:08:52.582 Python[65523:13566519] Operation: ios18.reshape, Device Usage: <MLGPUComputeDevice: 0x120eff4f0> Apple M5, Estimated Cost: 0.000389
2026-09-08 17:08:52.583 Python[65523:13566519] Operation: ios18.add, Device Usage: <MLGPUComputeDevice: 0x120eff4f0> Apple M5, Estimated Cost: 0.001037
2026-09-08 17:08:52.583 Python[65523:13566519] Operation: ios18.slice_by_index, Device Usage: <MLGPUComputeDevice: 0x120eff4f0> Apple M5, Estimated Cost: 0.000291
2026-09-08 17:08:52.583 Python[65523:13566519] Operation: ios18.reshape, Device Usage: <MLGPUComputeDevice: 0x120eff4f0> Apple M5, Estimated Cost: 0.000193
2026-09-08 17:08:52.583 Python[65523:13566519] Operation: ios18.linear, Device Usage: <MLGPUComputeDevice: 0x120eff4f0> Apple M5, Estimated Cost: 0.000149
2026-09-08 17:08:52.583 Python[65523:13566519] Operation: ios18.reshape, Device Usage: <MLGPUComputeDevice: 0x120eff4f0> Apple M5, Estimated Cost: 0.000097
2026-09-08 17:08:52.583 Python[65523:13566519] Operation: ios18.real_div, Device Usage: <MLGPUComputeDevice: 0x120eff4f0> Apple M5, Estimated Cost: 0.000097
2026-09-08 17:08:52.583 Python[65523:13566519] Operation: ios18.erf, Device Usage: <MLGPUComputeDevice: 0x120eff4f0> Apple M5, Estimated Cost: 0.000097
2026-09-08 17:08:52.583 Python[65523:13566519] Operation: ios18.add, Device Usage: <MLGPUComputeDevice: 0x120eff4f0> Apple M5, Estimated Cost: 0.000129
2026-09-08 17:08:52.583 Python[65523:13566519] Operation: ios18.mul, Device Usage: <MLGPUComputeDevice: 0x120eff4f0> Apple M5, Estimated Cost: 0.000235
2026-09-08 17:08:52.583 Python[65523:13566519] Operation: ios18.mul, Device Usage: <MLGPUComputeDevice: 0x120eff4f0> Apple M5, Estimated Cost: 0.000118
2026-09-08 17:08:52.583 Python[65523:13566519] Operation: ios18.reshape, Device Usage: <MLGPUComputeDevice: 0x120eff4f0> Apple M5, Estimated Cost: 0.000097
2026-09-08 17:08:52.583 Python[65523:13566519] Operation: ios18.linear, Device Usage: <MLGPUComputeDevice: 0x120eff4f0> Apple M5, Estimated Cost: 0.000037
2026-09-08 17:08:52.583 Python[65523:13566519] Operation: ios18.reshape, Device Usage: <MLGPUComputeDevice: 0x120eff4f0> Apple M5, Estimated Cost: 0.000001
2026-09-08 17:08:52.583 Python[65523:13566519] Operation: ios18.cast, Device Usage: <MLGPUComputeDevice: 0x120eff4f0> Apple M5, Estimated Cost: 0.000002
2026-09-08 17:08:52.583 Python[65523:13566519] Operation: ios18.slice_by_index, Device Usage: <MLGPUComputeDevice: 0x120eff4f0> Apple M5, Estimated Cost: 0.000291
2026-09-08 17:08:52.583 Python[65523:13566519] Operation: ios18.reshape, Device Usage: <MLGPUComputeDevice: 0x120eff4f0> Apple M5, Estimated Cost: 0.000193
2026-09-08 17:08:52.583 Python[65523:13566519] Operation: ios18.linear, Device Usage: <MLGPUComputeDevice: 0x120eff4f0> Apple M5, Estimated Cost: 0.000149
2026-09-08 17:08:52.583 Python[65523:13566519] Operation: ios18.reshape, Device Usage: <MLGPUComputeDevice: 0x120eff4f0> Apple M5, Estimated Cost: 0.000097
2026-09-08 17:08:52.583 Python[65523:13566519] Operation: ios18.real_div, Device Usage: <MLGPUComputeDevice: 0x120eff4f0> Apple M5, Estimated Cost: 0.000097
2026-09-08 17:08:52.583 Python[65523:13566519] Operation: ios18.erf, Device Usage: <MLGPUComputeDevice: 0x120eff4f0> Apple M5, Estimated Cost: 0.000097
2026-09-08 17:08:52.585 Python[65523:13566519] Operation: ios18.add, Device Usage: <MLGPUComputeDevice: 0x120eff4f0> Apple M5, Estimated Cost: 0.000129
2026-09-08 17:08:52.585 Python[65523:13566519] Operation: ios18.mul, Device Usage: <MLGPUComputeDevice: 0x120eff4f0> Apple M5, Estimated Cost: 0.000235
2026-09-08 17:08:52.585 Python[65523:13566519] Operation: ios18.mul, Device Usage: <MLGPUComputeDevice: 0x120eff4f0> Apple M5, Estimated Cost: 0.000118
2026-09-08 17:08:52.585 Python[65523:13566519] Operation: ios18.reshape, Device Usage: <MLGPUComputeDevice: 0x120eff4f0> Apple M5, Estimated Cost: 0.000097
2026-09-08 17:08:52.585 Python[65523:13566519] Operation: ios18.linear, Device Usage: <MLGPUComputeDevice: 0x120eff4f0> Apple M5, Estimated Cost: 0.000037
2026-09-08 17:08:52.585 Python[65523:13566519] Operation: ios18.reshape, Device Usage: <MLGPUComputeDevice: 0x120eff4f0> Apple M5, Estimated Cost: 0.000001
2026-09-08 17:08:52.585 Python[65523:13566519] Operation: ios18.cast, Device Usage: <MLGPUComputeDevice: 0x120eff4f0> Apple M5, Estimated Cost: 0.000001
2026-09-08 17:08:52.585 Python[65523:13566519] Operation: ios18.reshape, Device Usage: <MLGPUComputeDevice: 0x120eff4f0> Apple M5, Estimated Cost: 0.000000
2026-09-08 17:08:52.585 Python[65523:13566519] Operation: ios18.gather, Device Usage: <MLGPUComputeDevice: 0x120eff4f0> Apple M5, Estimated Cost: 0.000568
2026-09-08 17:08:52.585 Python[65523:13566519] Operation: ios18.squeeze, Device Usage: <MLGPUComputeDevice: 0x120eff4f0> Apple M5, Estimated Cost: 0.000003
2026-09-08 17:08:52.585 Python[65523:13566519] Operation: ios18.linear, Device Usage: <MLGPUComputeDevice: 0x120eff4f0> Apple M5, Estimated Cost: 0.000180
2026-09-08 17:08:52.585 Python[65523:13566519] Operation: ios18.slice_by_index, Device Usage: <MLGPUComputeDevice: 0x120eff4f0> Apple M5, Estimated Cost: 0.000001
2026-09-08 17:08:52.585 Python[65523:13566519] Operation: ios18.cast, Device Usage: <MLGPUComputeDevice: 0x120eff4f0> Apple M5, Estimated Cost: 0.000000
2026-09-08 17:08:52.585 Python[65523:13566519] Operation: ios18.slice_by_index, Device Usage: <MLGPUComputeDevice: 0x120eff4f0> Apple M5, Estimated Cost: 0.000001
2026-09-08 17:08:52.586 Python[65523:13566519] Operation: ios18.cast, Device Usage: <MLGPUComputeDevice: 0x120eff4f0> Apple M5, Estimated Cost: 0.000000
2026-09-08 17:08:52.586 Python[65523:13566519] Operation: ios18.slice_by_index, Device Usage: <MLGPUComputeDevice: 0x120eff4f0> Apple M5, Estimated Cost: 0.000001
2026-09-08 17:08:52.586 Python[65523:13566519] Operation: ios18.cast, Device Usage: <MLGPUComputeDevice: 0x120eff4f0> Apple M5, Estimated Cost: 0.000002
{"mode": "coreml-strict", "status": "completed", "runtime": "1.29.0", "platform": "macOS-27.0-arm64-arm-64bit", "model_sha256": "f717558094f57d7c9cd084d7981874dbcc3f08e7308501eb98c12844e2cce3b7", "requested_providers": [["CoreMLExecutionProvider", {"ModelFormat": "MLProgram", "MLComputeUnits": "ALL", "RequireStaticInputShapes": "1", "EnableOnSubgraphs": "0", "ProfileComputePlan": "1"}]], "scope": "synthetic preflight, not video or quality", "registered_providers": ["CoreMLExecutionProvider", "CPUExecutionProvider"], "load_s": 33.62922283296939, "placement_events": {"CoreMLExecutionProvider": 25}, "cpu_ops": {}, "cold_ms": 1625.5054579814896, "warm_mean_ms": 4.35128329845611, "warm_p95_ms": 4.625085068983026, "elapsed_s": 35.396235749998596}
